No,Fecha,Bateador,Eqp Po,Lanzador,Eqp Pe,Inn,Corredores,Zona,Estadio
1,8/10/2019,DUARTE HERNÁNDEZ Donal (PRI),PRI,MARTÍNEZ MARTÍNEZ Leandro (GRA),GRA,3,,LF,Capitán San Luis. Pinar del Río (PRI)
2,8/10/2019,RIVERA DESPAIGNE Luis Felipe (IJV),IJV,MARTÍNEZ MARTÍNEZ Jonder (MTZ),MTZ,2,,RF,Cristóbal Labra. Nueva Gerona (IJV)
3,8/10/2019,ARRUEBARUENA ESCALANTE Bárbaro Erisbel (MTZ),MTZ,GAMBOA CORREOSO Yunier (IJV),IJV,5,,CF,Cristóbal Labra. Nueva Gerona (IJV)
4,8/10/2019,LUIS CAMPILLO Willian (MTZ),MTZ,GAMBOA CORREOSO Yunier (IJV),IJV,6,2B,LF,Cristóbal Labra. Nueva Gerona (IJV)
5,8/10/2019,HERNÁNDEZ MATOS Andrés (IND),IND,DUQUESNE CANTERO Dachel (CAV),CAV,6,1B-3B,LF,Latinoamericano. Cerro (HAB)
6,8/10/2019,CIVIL GONZÁLEZ Abdel (CAV),CAV,ORTEGA DEL RÍO Marcos (IND),IND,7,,LF,Latinoamericano. Cerro (HAB)
7,8/10/2019,GUILLÉN ROOKWOOT Yoasán (IND),IND,BETANZO MARRERO Fernando (CAV),CAV,7,1B,LF,Latinoamericano. Cerro (HAB)
8,8/10/2019,QUESADA PEDROSO Pavel (CFG),CFG,ORTIZ ALVAREZ Michel (ART),ART,9,,CF,5 de Septiembre. Cienfuegos (CFG)
9,8/10/2019,SILVA LA O Edilse (SCU),SCU,MOREIRA ARGUELLO Reidel (GTM),GTM,3,1B-2B,LF,Guillermón Moncada. Santiago de Cuba (SCU)
10,8/10/2019,RAMOS LA O Ricardo (SCU),SCU,BLES MOYA Raciel (GTM),GTM,4,2B-3B,LF,Guillermón Moncada. Santiago de Cuba (SCU)
11,8/10/2019,PACHECO ABREU Walter Orlando (VCL),VCL,CRUZ RONDÓN Yoalkis (LTU),LTU,3,1B-3B,RF,Julio Antonio Mella. Las Tunas (LTU)
12,8/10/2019,REYES ORTEGA Raul (VCL),VCL,CRUZ RONDÓN Yoalkis (LTU),LTU,6,,LF,Julio Antonio Mella. Las Tunas (LTU)
13,8/10/2019,PÉREZ ROMERO Yeniet (VCL),VCL,SÁNCHEZ PÉREZ Angel (LTU),LTU,6,1B-2B-3B,LF,Julio Antonio Mella. Las Tunas (LTU)
14,8/11/2019,SAAVEDRA VALDÉS William (PRI),PRI,GARCÍA RONDÓN César (GRA),GRA,6,,RF,Capitán San Luis. Pinar del Río (PRI)
15,8/11/2019,PEÑALVER DARCOURT Yhosvani (IND),IND,RODRÍGUEZ FONSECA Yorlian (CAV),CAV,6,1B-2B,RF,Latinoamericano. Cerro (HAB)
16,8/11/2019,SEGURA MORALES Leonel (CMG),CMG,GRACIAL FUENTES Geyler (MAY),MYA,7,1B-2B,RF,Nelson Fernández. San José de las Lajas (MAY)
17,8/11/2019,QUESADA PEDROSO Pavel (CFG),CFG,GONZÁLEZ LEDESMA Yulieski (ART),ART,1,1B,LF,5 de Septiembre. Cienfuegos (CFG)
18,8/11/2019,MATEO TERRY Luis Vicente (CFG),CFG,DÍAZ ALONSO Dayron (ART),ART,5,1B,LF,5 de Septiembre. Cienfuegos (CFG)
19,8/11/2019,PEÑA CENTRAY Jorge Luis (HOL),HOL,DUARDO ROJAS Yanieski (SSP),SSP,9,,LF,Mayor General Calixto García. Holguín (HOL)
20,8/11/2019,GUZMÁN LEBLANCH Luis (SCU),SCU,MOREIRA RODRÍGUEZ Lander (GTM),GTM,7,1B-2B,RF,Guillermón Moncada. Santiago de Cuba (SCU)
21,8/12/2019,MILIÁN SANTOS Yulián Rafael (GRA),GRA,CRUZ MELENDEZ Yoandy (PRI),PRI,2,1B,LF,Capitán San Luis. Pinar del Río (PRI)
22,8/12/2019,MEDINA PÉREZ Aníbal (MTZ),MTZ,RODRÍGUEZ PÉREZ Luis Michel (IJV),IJV,1,,LF,Cristóbal Labra. Nueva Gerona (IJV)
23,8/12/2019,VÁZQUEZ TRUJILLO Juan Miguel (MTZ),MTZ,RODRÍGUEZ PÉREZ Luis Michel (IJV),IJV,3,2B-3B,LF,Cristóbal Labra. Nueva Gerona (IJV)
24,8/12/2019,ROJAS CASTELLANO Eliseo (IJV),IJV,ENTENZA GONZÁLEZ Noelvis (MTZ),MTZ,3,1B,RF,Cristóbal Labra. Nueva Gerona (IJV)
25,8/12/2019,CORREA SÁNCHEZ Lisbán (IND),IND,MARTÍNEZ ALVAREZ José Diego (CAV),CAV,1,1B-2B,RF,Latinoamericano. Cerro (HAB)
26,8/12/2019,MOA ACEVEDO Leonel (CMG),CMG,BETANCOURT LORA José Norbelis (MAY),MAY,2,,LF,Nelson Fernández. San José de las Lajas (MAY)
27,8/12/2019,SMITH LUGO Pedro (CMG),CMG,CRUZ SERRANOS Mailon (MAY),MAY,3,,RF,Nelson Fernández. San José de las Lajas (MAY)
28,8/12/2019,GONZÁLEZ VENTURA Michael (MAY),MAY,MADAN MONTEJO Frank (CMG),CMG,4,,LF,Nelson Fernández. San José de las Lajas (MAY)
29,8/12/2019,RODRÍGUEZ DELGADO Bárbaro (CFG),CFG,MARTÍNEZ CABRERA Ricardo (ART),ART,2,1B,LF,5 de Septiembre. Cienfuegos (CFG)
30,8/12/2019,VASSEL PEDROSO Edwin (CFG),CFG,SÁNCHEZ CUESTA Israel (ART),ART,8,,RF,5 de Septiembre. Cienfuegos (CFG)
31,8/12/2019,ALARCÓN TARDIO Yordanis (LTU),LTU,MIRABAL ESPINOSA Javier (VCL),VCL,2,,CF,Julio Antonio Mella. Las Tunas (LTU)
32,8/12/2019,PEÑA RIVERO Denis (LTU),LTU,DELGADO RAMOS Yanny (VCL),VCL,6,1B,CF,Julio Antonio Mella. Las Tunas (LTU)
33,8/12/2019,CEPEDA CRUZ Frederich (SSP),SSP,RODRÍGUEZ FONSECA Rubén (HOL),HOL,1,1B,CF,Mayor General Calixto García. Holguín (HOL)
34,8/12/2019,CEPEDA CRUZ Frederich (SSP),SSP,RODRÍGUEZ FONSECA Rubén (HOL),HOL,3,1B,RF,Mayor General Calixto García. Holguín (HOL)
35,8/14/2019,PROENZA MATOS Ronmy (ART),ART,ALVAREZ URBAY Yosvani (PRI),PRI,2,1B,RF,Capitán San Luis. Pinar del Río (PRI)
36,8/14/2019,JIMÉNEZ HERNÁNDEZ José Antonio (ART),ART,ZAMBRANA IZQUIERDO Yasiel (PRI),PRI,2,1B,LF,Capitán San Luis. Pinar del Río (PRI)
37,8/14/2019,PEÑALVER DARCOURT Yhosvani (IND),IND,RODRÍGUEZ LEÓN Kelbis (GRA),GRA,9,,RF,Latinoamericano. Cerro (HAB)
38,8/14/2019,GORGUET MARTÍNEZ Michel (HOL),HOL,CARRILLO CARVAJAL Robelio (VCL),VCL,7,1B,CF,Mayor General Calixto García. Holguín (HOL)
39,8/14/2019,LABRADA MARÉN Adriel (SCU),SCU,PEÑA RODRÍGUEZ José Armando (LTU),LTU,2,1B,RF,Guillermón Moncada. Santiago de Cuba (SCU)
40,8/14/2019,PÉREZ GONZÁLEZ Yaicel Manuel (SCU),SCU,CIVIL HIDALGO Alberto Pablo (LTU),LTU,5,,LF,Guillermón Moncada. Santiago de Cuba (SCU)
41,8/15/2019,DELGADO CASTAÑEDA Jefferson (MTZ),MTZ,TRENCH GARCÍA Roger (CMG),CMG,4,1B-2B-3B,CF,Victoria de Girón. Matanzas (MTZ)
42,8/15/2019,VÁZQUEZ TRUJILLO Juan Miguel (MTZ),MTZ,TRENCH GARCÍA Roger (CMG),CMG,6,,RF,Victoria de Girón. Matanzas (MTZ)
43,8/15/2019,GONZÁLEZ ASCUY Luis Antonio (CMG),CMG,RIVERO ESTRADA Reinier (MTZ),MTZ,7,1B-2B,LF,Victoria de Girón. Matanzas (MTZ)
44,8/15/2019,SANTOYA ZULUETA Yasiel (MTZ),MTZ,BASULTO VALDÉS Erislery (CMG),CMG,7,,CF,Victoria de Girón. Matanzas (MTZ)
45,8/15/2019,MARTÍN ALVAREZ Lázaro (CAV),CAV,MARTÍNEZ DÍAZ Maikel (IJV),IJV,2,,LF,Cristóbal Labra. Nueva Gerona (IJV)
46,8/15/2019,VÁZQUEZ TORRES Osvaldo (CAV),CAV,MARTÍNEZ DÍAZ Maikel (IJV),IJV,4,,LF,Cristóbal Labra. Nueva Gerona (IJV)
47,8/15/2019,ROMÁN MORA Edain (MAY),MAY,SUÁREZ BERMÚDEZ Raicol (CFG),CFG,4,2B,RF,Héroes del Mayabeque. Guines (MAY)
48,8/15/2019,GONZÁLEZ VEGA Yasniel (MAY),MAY,SUÁREZ BERMÚDEZ Raicol (CFG),CFG,6,1B-2B,LF,Héroes del Mayabeque. Guines (MAY)
49,8/15/2019,SAAVEDRA VALDÉS William (PRI),PRI,SÁNCHEZ CUESTA Israel (ART),ART,7,,LF,Pedro A . Quintana. Guane (PRI)
50,8/15/2019,CORREA SÁNCHEZ Lisbán (IND),IND,SANTANA SATIESTEBAN Carlos (GRA),GRA,9,1B,LF,Latinoamericano. Cerro (HAB)
51,8/15/2019,BROOK SALAZAR Leovarlis (GTM),GTM,PÉREZ HERNÁNDEZ Yamichel (SSP),SSP,4,1B,LF,Luis Torres. Yaguajay (SSP)
52,8/15/2019,ORTIZ LUGONES Dismani (SSP),SSP,RIERA RAMÍREZ Dayron Alexis (GTM),GTM,5,,RF,Luis Torres. Yaguajay (SSP)
53,8/15/2019,BARROSO PUERTA Dunieski Ramón (SSP),SSP,SÁNCHEZ VERA Jorge Angel (GTM),GTM,6,1B,RF,Luis Torres. Yaguajay (SSP)
54,8/15/2019,GONZÁLEZ GARCÍA Yasiel Andy (HOL),HOL,CASTILLO PÉREZ Pedro Manuel (VCL),VCL,2,1B,LF,Mayor General Calixto García. Holguín (HOL)
55,8/15/2019,GUZMÁN LEBLANCH Luis (SCU),SCU,CRUZ RONDÓN Yoalkis (LTU),LTU,2,,CF,Guillermón Moncada. Santiago de Cuba (SCU)
56,8/16/2019,IBÁÑEZ ARAGÓN Yusniel (CFG),CFG,MARTÍNEZ PÉREZ Yadián (MAY),MAY,3,1B-2B,RF,Héroes del Mayabeque. Guines (MAY)
57,8/16/2019,PACHECO ABREU Walter Orlando (VCL),VCL,VELÁZQUEZ AGUILAR Yusmel (HOL),HOL,3,1B-3B,CF,Mayor General Calixto García. Holguín (HOL)
58,8/16/2019,VIZCAINO RODRÍGUEZ Yurién (VCL),VCL,CHAPMAN AYÓN Enmanuel (HOL),HOL,7,,RF,Mayor General Calixto García. Holguín (HOL)
59,8/18/2019,FADRAGA PÉREZ Alfredo (CAV),CAV,MEDINA GARCÍA Frank Luis (PRI),PRI,7,1B,CF,Capitán San Luis. Pinar del Río (PRI)
60,8/18/2019,MORENO RODRÍGUEZ Yoan (ART),ART,CASTAÑEDA AMARO Alain (IJV),IJV,7,,CF,26 de Julio. Artemisa (ART)
61,8/18/2019,RODRÍGUEZ ACOSTA Dariel (MAY),MAY,MARTÍNEZ MARTÍNEZ Jonder (MTZ),MTZ,2,1B-2B,LF,Nelson Fernández. San José de las Lajas (MAY)
62,8/18/2019,VÁZQUEZ TRUJILLO Juan Miguel (MTZ),MTZ,NÁPOLES RENGIFO Diosvel (MAY),MAY,5,1B,LF,Nelson Fernández. San José de las Lajas (MAY)
63,8/18/2019,LUIS CAMPILLO Willian (MTZ),MTZ,PÉREZ CINTRA Carlos (MAY),MAY,7,,LF,Nelson Fernández. San José de las Lajas (MAY)
64,8/18/2019,IBÁÑEZ ARAGÓN Yusniel (CFG),CFG,GONZÁLEZ SÁNCHEZ Erick Cristhian (IND),IND,6,1B-2B-3B,RF,5 de Septiembre. Cienfuegos (CFG)
65,8/18/2019,RAMOS LA O Ricardo (SCU),SCU,ALVAREZ JIMÉNEZ Pedro Angel (SSP),SSP,4,2B,LF,José Antonio Huelga. Sancti Spiritus (SSP)
66,8/18/2019,CACERES DORCINET Maikel (HOL),HOL,GÓNGORA DE LA TORRE Dariel (CMG),CMG,1,,LF,Cándido González. Camaguey (CMG)
67,8/18/2019,GÓNGORA LANDROVE Julio David (HOL),HOL,GÓNGORA DE LA TORRE Dariel (CMG),CMG,7,1B,LF,Cándido González. Camaguey (CMG)
68,8/18/2019,PAUMIER OLIVA Yunior (HOL),HOL,RAMÍREZ ALCOLEA Angel Daniel (CMG),CMG,9,3B,LF,Cándido González. Camaguey (CMG)
69,8/19/2019,GUERRA ECHAZÁBAL Tony D. (PRI),PRI,GARCÍA ESCALANTE Vladimir (CAV),CAV,7,1B-3B,LF,Capitán San Luis. Pinar del Río (PRI)
70,8/19/2019,ROJAS CASTELLANO Eliseo (IJV),IJV,PÉREZ FERNÁNDEZ Raymel (ART),ART,6,2B,RF,Combate de Rio Hondo. Candelaria (ART)
71,8/19/2019,SAMÓN MATAMOROS Yordanis (IND),IND,SERPA SOCARRÁS Luis Alejandro (CFG),CFG,1,1B-3B,RF,5 de Septiembre. Cienfuegos (CFG)
72,8/19/2019,VASSEL PEDROSO Edwin (CFG),CFG,CUESTA LINZAY José Pablo (IND),IND,6,,LF,5 de Septiembre. Cienfuegos (CFG)
73,8/19/2019,SAMÓN MATAMOROS Yordanis (IND),IND,PÉREZ RAMOS Alex Daniel (CFG),CFG,8,,LF,5 de Septiembre. Cienfuegos (CFG)
74,8/19/2019,RAMOS LA O Ricardo (SCU),SCU,CASTELLANO PÉREZ Harbin (SSP),SSP,3,,LF,José Antonio Huelga. Sancti Spiritus (SSP)
75,8/19/2019,GONZÁLEZ ASCUY Luis Antonio (CMG),CMG,ORIZ ABALLE Maracle Rubén (HOL),HOL,2,1B,LF,Cándido González. Camaguey (CMG)
76,8/19/2019,PEÑA CENTRAY Jorge Luis (HOL),HOL,COUSIN DE LA ROSA Yosimar (CMG),CMG,6,,LF,Cándido González. Camaguey (CMG)
77,8/20/2019,GONZÁLEZ VEGA Yasniel (MAY),MAY,MENA JÚSTIZ David (MTZ),MTZ,2,,RF,Tomás del Calvo. Quivicán (MAY)
78,8/20/2019,PACHECO ABREU Walter Orlando (VCL),VCL,SÁNCHEZ VERA Jorge Angel (GTM),GTM,2,,LF,Augusto César Sandino. Santa Clara (VCL)
79,8/20/2019,ZAMORA RGUEZ Duviel (VCL),VCL,MOREIRA RODRÍGUEZ Lander (GTM),GTM,4,,LF,9 de Abril. Sagua la Grande (VCL)
80,8/20/2019,DELGADO BUENO Robert Luis (GTM),GTM,LORENZO ALFONSO Lázaro Javier (VCL),VCL,9,,LF,9 de Abril. Sagua la Grande (VCL)
81,8/20/2019,CIVIL GONZÁLEZ Abdel (CAV),CAV,GONZÁLEZ MORENO Reilandy (PRI),PRI,4,,LF,Capitán San Luis. Pinar del Río (PRI)
82,8/20/2019,GÁLVEZ GUERRA Dainier (IJV),IJV,GUTIÉRREZ JIMÉNEZ Geonel (ART),ART,1,,LF,26 de Julio. Artemisa (ART)
83,8/20/2019,GÁLVEZ GUERRA Dainier (IJV),IJV,ORTIZ ALVAREZ Michel (ART),ART,4,,LF,26 de Julio. Artemisa (ART)
84,8/20/2019,RIVERA DESPAIGNE Luis Felipe (IJV),IJV,ORTIZ ALVAREZ Michel (ART),ART,4,,RF,26 de Julio. Artemisa (ART)
85,8/20/2019,GÁLVEZ GUERRA Dainier (IJV),IJV,SÁNCHEZ CUESTA Israel (ART),ART,7,1B-3B,LF,26 de Julio. Artemisa (ART)
86,8/21/2019,PEÑA CENTRAY Jorge Luis (HOL),HOL,ESPINOSA VIDAL Carlos L. (CMG),CMG,5,,LF,Cándido González. Camaguey (CMG)
87,8/21/2019,PEÑA CENTRAY Jorge Luis (HOL),HOL,ESPINOSA VIDAL Carlos L. (CMG),CMG,7,,LF,Cándido González. Camaguey (CMG)
88,8/21/2019,GONZÁLEZ ASCUY Luis Antonio (CMG),CMG,PAREDES CÉSPEDES Wilson (HOL),HOL,8,2B-3B,LF,Cándido González. Camaguey (CMG)
89,8/22/2019,COSME OLIVA Andy (ART),ART,QUINTANA LA GUARDIA Yulian (MAY),MAY,6,1B-2B,LF,26 de Julio. Artemisa (ART)
90,8/22/2019,BLANCO DÍAZ Eduardo (MTZ),MTZ,OZUNA HERNÁNDEZ José A. (CFG),CFG,8,,LF,Victoria de Girón. Matanzas (MTZ)
91,8/22/2019,SILVA LA O Edilse (SCU),SCU,MARTÍNEZ LORENZO Yairon (CAV),CAV,2,,LF,José Ramón Cepero. Ciego de Avila (CAV)
92,8/22/2019,PEÑA CENTRAY Jorge Luis (HOL),HOL,CRUZ RONDÓN Yoalkis (LTU),LTU,3,1B-2B,LF,Julio Antonio Mella. Las Tunas (LTU)
93,8/22/2019,AGUIAR HERNÁNDEZ Marnolki (HOL),HOL,CRUZ RONDÓN Yoalkis (LTU),LTU,4,,CF,Julio Antonio Mella. Las Tunas (LTU)
94,8/22/2019,JOHNSON DIXON Jorge Antonio (LTU),LTU,SÁNCHEZ THOPPE Rafael (HOL),HOL,8,,RF,Julio Antonio Mella. Las Tunas (LTU)
95,8/22/2019,SAMÓN MATAMOROS Yordanis (IND),IND,BLES MOYA Raciel (GTM),GTM,9,1B,LF,Nguyen Van Troi. Guantánamo (GTM)
96,8/22/2019,HECHAVARRÍA LORES Luis Jairon (GTM),GTM,GONZÁLEZ SÁNCHEZ Erick Cristhian (IND),IND,9,2B,CF,Nguyen Van Troi. Guantánamo (GTM)
97,8/23/2019,RODRÍGUEZ GARCÍA Félix (CFG),CFG,CRUZ SALDÍVAR Naykel Yoel (MTZ),MTZ,9,,CF,Victoria de Girón. Matanzas (MTZ)
98,8/23/2019,GONZÁLEZ ISIDORIA Raul (CAV),CAV,FONT MUSTELIER Carlos (SCU),SCU,1,2B,LF,José Ramón Cepero. Ciego de Avila (CAV)
99,8/23/2019,BENÍTEZ PÉREZ Carlos (GRA),GRA,CONTRERAS ESQUIVEL Juan S. (CMG),CMG,1,,LF,Mártires de Barbados. Bayamo (GRA)
100,8/23/2019,BENÍTEZ PÉREZ Carlos (GRA),GRA,CONTRERAS ESQUIVEL Juan S. (CMG),CMG,3,,LF,Mártires de Barbados. Bayamo (GRA)
101,8/23/2019,REVILLA LEYVA Pedro (GTM),GTM,NODAL SUÁREZ Elder (IND),IND,7,1B,LF,Nguyen Van Troi. Guantánamo (GTM)
102,8/24/2019,CARABEO MÉNDEZ Javier (MAY),MAY,PÉREZ FERNÁNDEZ Raymel (ART),ART,7,1B-2B-3B,LF,26 de Julio. Artemisa (ART)
103,8/24/2019,LÓPEZ ROJAS Juan Carlos (VCL),VCL,SILVA SILVA Luis A. (PRI),PRI,6,,RF,Augusto César Sandino. Santa Clara (VCL)
104,8/24/2019,SAAVEDRA VALDÉS William (PRI),PRI,MIRABAL ESPINOSA Javier (VCL),VCL,7,,LF,Augusto César Sandino. Santa Clara (VCL)
105,8/24/2019,CEPEDA CRUZ Frederich (SSP),SSP,MARTÍNEZ DÍAZ Maikel (IJV),IJV,1,1B,CF,José Antonio Huelga. Sancti Spiritus (SSP)
106,8/24/2019,CEPEDA CRUZ Frederich (SSP),SSP,LASTRA GONZÁLEZ Miguel Angel (IJV),IJV,5,1B-2B,CF,José Antonio Huelga. Sancti Spiritus (SSP)
107,8/24/2019,URGELLÉS GONZÁLEZ Leonardo (IJV),IJV,HERNÁNDEZ CRUZ Yoanni (SSP),SSP,8,,RF,José Antonio Huelga. Sancti Spiritus (SSP)
108,8/24/2019,AYALA GARCÍA Alexander (CMG),CMG,MOJENA MACHADO Joel (GRA),GRA,5,,LF,Mártires de Barbados. Bayamo (GRA)
109,8/24/2019,CREMET PLANA Over (GTM),GTM,BAÑOS CHACÓN Vladimir (IND),IND,4,2B,RF,Nguyen Van Troi. Guantánamo (GTM)
110,8/24/2019,CORREA SÁNCHEZ Lisbán (IND),IND,SÁNCHEZ VERA Jorge Angel (GTM),GTM,5,,LF,Nguyen Van Troi. Guantánamo (GTM)
111,8/24/2019,URGELLÉS COBAS Yoandry (IND),IND,AGUERO CASTILLO Pedro Enrique (GTM),GTM,8,2B,RF,Nguyen Van Troi. Guantánamo (GTM)
112,8/25/2019,QUESADA PEDROSO Pavel (CFG),CFG,CARRILLO SUÁREZ Elier (MTZ),MTZ,2,1B-2B,CF,Victoria de Girón. Matanzas (MTZ)
113,8/25/2019,CAMERO RODRÍGUEZ Javier (MTZ),MTZ,LA ROSA CAUSILLO Tomás (CFG),CFG,7,1B-2B,LF,Victoria de Girón. Matanzas (MTZ)
114,8/25/2019,MATEO TERRY Luis Vicente (CFG),CFG,DUEÑAS MORÉ Armando (MTZ),MTZ,9,,LF,Victoria de Girón. Matanzas (MTZ)
115,8/26/2019,MENDOZA ALFONSO Yunier (SSP),SSP,MARTÍNEZ PÉREZ Yadián (MAY),MAY,1,1B,RF,José Antonio Huelga. Sancti Spiritus (SSP)
116,8/26/2019,GONZÁLEZ VEGA Yasniel (MAY),MAY,PÉREZ HERNÁNDEZ Yamichel (SSP),SSP,7,,CF,José Antonio Huelga. Sancti Spiritus (SSP)
117,8/26/2019,CORREA SÁNCHEZ Lisbán (IND),IND,GARCÍA ANDÚJAR Ulfrido (SCU),SCU,2,,LF,Guillermón Moncada. Santiago de Cuba (SCU)
118,8/26/2019,REVILLA LEYVA Pedro (GTM),GTM,RODRÍGUEZ LEÓN Yudier (LTU),LTU,6,,RF,Nguyen Van Troi. Guantánamo (GTM)
119,8/26/2019,FADRAGA PÉREZ Alfredo (CAV),CAV,CASTRO IZQUIERDO Irandy Javier (MTZ),MTZ,5,1B,RF,José Ramón Cepero. Ciego de Avila (CAV)
120,8/26/2019,GONZÁLEZ ISIDORIA Raul (CAV),CAV,ESTRADA IDUARTE Alejandro (MTZ),MTZ,5,1B-3B,LF,José Ramón Cepero. Ciego de Avila (CAV)
121,8/27/2019,RODRÍGUEZ CANDANO Pedro Luis (PRI),PRI,COUSIN DE LA ROSA Yosimar (CMG),CMG,5,,LF,Central Brasil. Esmeralda (CMG)
122,8/27/2019,BLANCO HERNÁNDEZ Lázaro Emilio (PRI),PRI,MADAN MONTEJO Frank (CMG),CMG,1,,RF,Cándido González. Camaguey (CMG)
123,8/27/2019,RODRÍGUEZ CANDANO Pedro Luis (PRI),PRI,MADAN MONTEJO Frank (CMG),CMG,7,,LF,Cándido González. Camaguey (CMG)
124,8/27/2019,GÁLVEZ GUERRA Dainier (IJV),IJV,INSUA MORFA Yasmany (CFG),CFG,1,,LF,Dionisio Molina. Central Antonio Sánchez. Aguada de Pasajeros (CFG)
125,8/27/2019,SORIANO GARCÍA Juan Miguel (CFG),CFG,CARBO CAMPOALEGRE Jonathan (IJV),IJV,4,,LF,Dionisio Molina. Central Antonio Sánchez. Aguada de Pasajeros (CFG)
126,8/27/2019,SORIANO GARCÍA Juan Miguel (CFG),CFG,CARBO CAMPOALEGRE Jonathan (IJV),IJV,5,2B-3B,RF,Dionisio Molina. Central Antonio Sánchez. Aguada de Pasajeros (CFG)
127,8/27/2019,IBARRA ARAQUE Yunior (SSP),SSP,CRUZ SERRANOS Mailon (MAY),MAY,2,,LF,Genaro Melero. Jatibonico (SSP)
128,8/27/2019,CEPEDA CRUZ Frederich (SSP),SSP,CRUZ SERRANOS Mailon (MAY),MAY,2,1B-3B,LF,Genaro Melero. Jatibonico (SSP)
129,8/27/2019,MARTÍNEZ RODRÍGUEZ Jeison (MAY),MAY,BRAÑA ROJAS José Luis (SSP),SSP,7,,LF,Genaro Melero. Jatibonico (SSP)
130,8/27/2019,ARRUEBARUENA ESCALANTE Bárbaro Erisbe (MTZ),MTZ,MARTÍNEZ LORENZO Yairon (CAV),CAV,6,,RF,Paquito Espinosa. Morón (CAV)
131,8/27/2019,BENÍTEZ PÉREZ Carlos (GRA),GRA,SUÁREZ AGUILAR Yuniel (HOL),HOL,10,,LF,17 de Noviembre. Buey Arriba (GRA)
132,8/27/2019,CEDEÑO GONZÁLEZ Lázaro Alfredo (GRA),GRA,SÁNCHEZ THOPPE Rafael (HOL),HOL,11,1B-2B,LF,17 de Noviembre. Buey Arriba (GRA)
133,8/27/2019,GUIBERT STEVEN Yoelkis (SCU),SCU,CUESTA LINZAY José Pablo (IND),IND,2,1B,RF,Guillermón Moncada. Santiago de Cuba (SCU)
134,8/27/2019,MOLINA NÚÑEZ Leosdanis (SCU),SCU,QUESADA DÍAZ Denis (IND),IND,7,,LF,Guillermón Moncada. Santiago de Cuba (SCU)
135,8/27/2019,ALARCÓN TARDIO Yordanis (LTU),LTU,RIERA RAMÍREZ Dayron Alexis (GTM),GTM,1,1B,LF,Nguyen Van Troi. Guantánamo (GTM)
136,8/27/2019,ESCALANTE LORA Leonelkis (GTM),GTM,PEÑA RODRÍGUEZ José Armando (LTU),LTU,1,,LF,Nguyen Van Troi. Guantánamo (GTM)
137,8/27/2019,REVILLA LEYVA Pedro (GTM),GTM,PEÑA RODRÍGUEZ José Armando (LTU),LTU,1,1B,LF,Nguyen Van Troi. Guantánamo (GTM)
138,8/27/2019,CARBONELL TERRERO Félix (GTM),GTM,CIVIL HIDALGO Alberto Pablo (LTU),LTU,4,1B,LF,Nguyen Van Troi. Guantánamo (GTM)
139,8/28/2019,CALDERÓN MONTERO Alberto (IJV),IJV,RAMÍREZ GOITIZOLO Carlos Damián (CFG),CFG,7,1B-2B,RF,5 de Septiembre. Cienfuegos (CFG)
140,8/28/2019,ARIAS LAGO Agustín (GRA),GRA,ORIZ ABALLE Maracle Rubén (HOL),HOL,2,,LF,Mártires de Barbados. Bayamo (GRA)
141,8/28/2019,CEDEÑO GONZÁLEZ Lázaro Alfredo (GRA),GRA,CASTAÑEDA DONNY Yoidel (HOL),HOL,6,,LF,Mártires de Barbados. Bayamo (GRA)
142,8/28/2019,ALARCÓN TARDIO Yordanis (LTU),LTU,NAVARRO NOA Frank (GTM),GTM,1,3B,RF,Nguyen Van Troi. Guantánamo (GTM)
143,8/28/2019,MANSO DEL TORO Daykel (GTM),GTM,CRUZ RONDÓN Yoalkis (LTU),LTU,7,1B-2B,LF,Nguyen Van Troi. Guantánamo (GTM)
144,8/28/2019,DELGADO CASTAÑEDA Jefferson (MTZ),MTZ,MARTÍNEZ ALVAREZ José Diego (CAV),CAV,1,2B,LF,José Ramón Cepero. Ciego de Avila (CAV)
145,8/28/2019,SANTOYA ZULUETA Yasiel (MTZ),MTZ,HERNÁNDEZ SANTANA Sergio (CAV),CAV,1,,LF,José Ramón Cepero. Ciego de Avila (CAV)
146,8/28/2019,ARRUEBARUENA ESCALANTE Bárbaro Erisbe (MTZ),MTZ,HERNÁNDEZ SANTANA Sergio (CAV),CAV,1,,LF,José Ramón Cepero. Ciego de Avila (CAV)
147,8/28/2019,CAMERO RODRÍGUEZ Javier (MTZ),MTZ,MARRERO TORRES Luis A. (CAV),CAV,3,,LF,José Ramón Cepero. Ciego de Avila (CAV)
148,8/28/2019,CAMERO RODRÍGUEZ Javier (MTZ),MTZ,MARRERO TORRES Luis A. (CAV),CAV,7,,LF,José Ramón Cepero. Ciego de Avila (CAV)
149,8/28/2019,ARRUEBARUENA ESCALANTE Bárbaro Erisbe (MTZ),MTZ,MARRERO TORRES Luis A. (CAV),CAV,8,,LF,José Ramón Cepero. Ciego de Avila (CAV)
150,8/28/2019,LUIS MÁRQUEZ Marino (CMG),CMG,GONZÁLEZ MORENO Reilandy (PRI),PRI,7,,RF,Cándido González. Camaguey (CMG)
151,8/30/2019,VIZCAINO RODRÍGUEZ Yurién (VCL),VCL,GARCÍA ESCALANTE Vladimir (CAV),CAV,1,1B,RF,José Ramón Cepero. Ciego de Avila (CAV)
152,8/30/2019,SAMÓN MATAMOROS Yordanis (IND),IND,DÍAZ SILVA Rodolfo (LTU),LTU,9,,CF,Julio Antonio Mella. Las Tunas (LTU)
153,8/30/2019,LEÓN RODRÍGUEZ Reinier (PRI),PRI,RODRÍGUEZ FONSECA Rubén (HOL),HOL,1,1B,RF,Mayor General Calixto García. Holguín (HOL)
154,8/30/2019,BLANCO HERNÁNDEZ Lázaro Emilio (PRI),PRI,RODRÍGUEZ FONSECA Rubén (HOL),HOL,4,,RF,Mayor General Calixto García. Holguín (HOL)
155,8/30/2019,SANTOYA ZULUETA Yasiel (MTZ),MTZ,CREACH RAMÍREZ Darién (GRA),GRA,1,2B,CF,Mártires de Barbados. Bayamo (GRA)
156,8/30/2019,SÁNCHEZ SÁNCHEZ Ariel (MTZ),MTZ,PÉREZ MERIÑO Juan Danilo (GRA),GRA,2,1B,CF,Mártires de Barbados. Bayamo (GRA)
157,8/30/2019,SILVA LA O Edilse (SCU),SCU,NÁPOLES RENGIFO Diosvel (MAY),MAY,1,3B,RF,Guillermón Moncada. Santiago de Cuba (SCU)
158,8/30/2019,MORALES DE LA CRUZ Orlando (GTM),GTM,BALLESTER HERNÁNDEZ Camilo (CFG),CFG,5,1B,RF,Nguyen Van Troi. Guantánamo (GTM)
159,8/30/2019,CREMET PLANA Over (GTM),GTM,BALLESTER HERNÁNDEZ Camilo (CFG),CFG,6,,CF,Nguyen Van Troi. Guantánamo (GTM)
160,8/30/2019,ESCALANTE LORA Leonelkis (GTM),GTM,OZUNA HERNÁNDEZ José A. (CFG),CFG,7,,RF,Nguyen Van Troi. Guantánamo (GTM)
161,8/30/2019,AYALA GARCÍA Alexander (CMG),CMG,MARTÍNEZ DÍAZ Maikel (IJV),IJV,3,,LF,Cándido González. Camaguey (CMG)
162,8/31/2019,CEPEDA CRUZ Frederich (SSP),SSP,RODRÍGUEZ PÉREZ Sean (ART),ART,7,1B,RF,José Antonio Huelga. Sancti Spiritus (SSP)
163,8/31/2019,ALARCÓN TARDIO Yordanis (LTU),LTU,OLIVERA VERDECIA Juan Ramón (IND),IND,3,,CF,Julio Antonio Mella. Las Tunas (LTU)
164,8/31/2019,CASTRO MOÑAGORRY Danel (LTU),LTU,GONZÁLEZ SÁNCHEZ Erick Cristhian (IND),IND,6,3B,LF,Julio Antonio Mella. Las Tunas (LTU)
165,8/31/2019,SAAVEDRA VALDÉS William (PRI),PRI,SANTIESTEBAN PEÑA Carlos A. (HOL),HOL,1,1B-2B,LF,Mayor General Calixto García. Holguín (HOL)
166,8/31/2019,GUIBERT STEVEN Yoelkis (SCU),SCU,CRUZ SERRANOS Mailon (MAY),MAY,3,2B,LF,Central Dos Ríos. Palma Soriano (SCU)
167,8/31/2019,SÁNCHEZ CELDA Rudens (SCU),SCU,GRACIAL FUENTES Geyler (MAY),MAY,4,1B-2B,LF,Central Dos Ríos. Palma Soriano (SCU)
168,8/31/2019,SILVA LA O Edilse (SCU),SCU,ALVAREZ DEL SOL Alyanser (MAY),MAY,7,1B-2B-3B,LF,Central Dos Ríos. Palma Soriano (SCU)
169,8/31/2019,RODRÍGUEZ GARCÍA Félix (CFG),CFG,BLES MOYA Raciel (GTM),GTM,4,1B-2B-3B,CF,Amado Romero Noa. Imías (GTM)
170,8/31/2019,REVILLA LEYVA Pedro (GTM),GTM,SUÁREZ BERMÚDEZ Raicol (CFG),CFG,4,2B,LF,Amado Romero Noa. Imías (GTM)
171,8/31/2019,IBÁÑEZ ARAGÓN Yusniel (CFG),CFG,BLES MOYA Raciel (GTM),GTM,5,2B,RF,Amado Romero Noa. Imías (GTM)
172,8/31/2019,CREMET PLANA Over (GTM),GTM,SUÁREZ BERMÚDEZ Raicol (CFG),CFG,5,1B-2B-3B,CF,Amado Romero Noa. Imías (GTM)
173,9/1/2019,BENAVIDES ROUSEAUX Ariel Enrique (CAV),CAV,ALVAREZ SÁEZ Fredy Asiel (VCL),VCL,2,1B-2B-3B,LF,José Ramón Cepero. Ciego de Avila (CAV)
174,9/1/2019,GONZÁLEZ ISIDORIA Raul (CAV),CAV,ALVAREZ SÁEZ Fredy Asiel (VCL),VCL,4,2B-3B,LF,José Ramón Cepero. Ciego de Avila (CAV)
175,9/1/2019,MORALES GONZÁLEZ Humberto (CAV),CAV,DELGADO RAMOS Yanny (VCL),VCL,4,,RF,José Ramón Cepero. Ciego de Avila (CAV)
176,9/1/2019,BAGUET LUIS Yoandy (SSP),SSP,MARTÍNEZ CABRERA Ricardo (ART),ART,2,3B,RF,José Antonio Huelga. Sancti Spiritus (SSP)
177,9/1/2019,CEPEDA CRUZ Frederich (SSP),SSP,MARTÍNEZ CABRERA Ricardo (ART),ART,3,,LF,José Antonio Huelga. Sancti Spiritus (SSP)
178,9/1/2019,PROENZA MATOS Ronmy (ART),ART,MAURI GUTIÉRREZ Yankiel (SSP),SSP,9,1B,RF,José Antonio Huelga. Sancti Spiritus (SSP)
179,9/1/2019,CORREA SÁNCHEZ Lisbán (IND),IND,PEÑA RODRÍGUEZ José Armando (LTU),LTU,7,1B,CF,Julio Antonio Mella. Las Tunas (LTU)
180,9/1/2019,PEÑALVER DARCOURT Yhosvani (IND),IND,VIERA POLANCO Noriel (LTU),LTU,8,1B-2B-3B,CF,Julio Antonio Mella. Las Tunas (LTU)
181,9/1/2019,CACERES DORCINET Maikel (HOL),HOL,CRUZ MELENDEZ Yoandy (PRI),PRI,1,2B,RF,Mayor General Calixto García. Holguín (HOL)
182,9/1/2019,AGUILERA PORTILLA Lerys (HOL),HOL,CRUZ MELENDEZ Yoandy (PRI),PRI,1,,LF,Mayor General Calixto García. Holguín (HOL)
183,9/1/2019,AGUILERA PORTILLA Lerys (HOL),HOL,ALVAREZ CAMEJO Jenier (PRI),PRI,3,,LF,Mayor General Calixto García. Holguín (HOL)
184,9/1/2019,PEÑA CENTRAY Jorge Luis (HOL),HOL,ALVAREZ CAMEJO Jenier (PRI),PRI,3,,CF,Mayor General Calixto García. Holguín (HOL)
185,9/1/2019,PEÑA CENTRAY Jorge Luis (HOL),HOL,SILVA SILVA Luis A. (PRI),PRI,4,1B-2B,LF,Mayor General Calixto García. Holguín (HOL)
186,9/1/2019,MEDINA PÉREZ Aníbal (MTZ),MTZ,MARTÍNEZ MARTÍNEZ Leandro (GRA),GRA,2,2B,LF,Mártires de Barbados. Bayamo (GRA)
187,9/1/2019,ARRUEBARUENA ESCALANTE Bárbaro Erisbe (MTZ),MTZ,RODRÍGUEZ LEÓN Kelbis (GRA),GRA,5,2B,CF,Mártires de Barbados. Bayamo (GRA)
188,9/1/2019,SANTOYA ZULUETA Yasiel (MTZ),MTZ,GONZÁLEZ SALCEDO Luis Miguel (GRA),GRA,8,1B-2B,LF,Mártires de Barbados. Bayamo (GRA)
189,9/1/2019,ARRUEBARUENA ESCALANTE Bárbaro Erisbe (MTZ),MTZ,GONZÁLEZ SALCEDO Luis Miguel (GRA),GRA,8,,CF,Mártires de Barbados. Bayamo (GRA)
190,9/1/2019,IBÁÑEZ ARAGÓN Yusniel (CFG),CFG,MOREIRA RODRÍGUEZ Lander (GTM),GTM,7,1B,RF,Nguyen Van Troi. Guantánamo (GTM)
191,9/1/2019,LÓPEZ MARTÍNEZ Richel (CFG),CFG,PREVAL VELÁZQUEZ Julio C. (GTM),GTM,8,,RF,Nguyen Van Troi. Guantánamo (GTM)
192,9/1/2019,PRIETO ECHEVARRÍA César (CFG),CFG,PREVAL VELÁZQUEZ Julio C. (GTM),GTM,9,,LF,Nguyen Van Troi. Guantánamo (GTM)
193,9/1/2019,LA ROSA AGUILA Yulexis (VCL),VCL,GUEVARA MORALES Yander (CAV),CAV,4,1B,LF,José Ramón Cepero. Ciego de Avila (CAV)
194,9/1/2019,PACHECO ABREU Walter Orlando (VCL),VCL,GUEVARA MORALES Yander (CAV),CAV,4,1B,RF,José Ramón Cepero. Ciego de Avila (CAV)
195,9/1/2019,MORALES GONZÁLEZ Humberto (CAV),CAV,HERNÁNDEZ ROJAS Yasmani (VCL),VCL,7,1B,CF,José Ramón Cepero. Ciego de Avila (CAV)
196,9/3/2019,ALOMÁ HERRERA Jorge Enrique (IND),IND,ALVAREZ JIMÉNEZ Pedro Angel (SSP),SSP,1,,LF,Latinoamericano. Cerro (HAB)
197,9/3/2019,CEPEDA LIMA Geyser A. (SSP),SSP,MOLINA BARRIOS Yandi (IND),IND,4,1B,RF,Latinoamericano. Cerro (HAB)
198,9/3/2019,TÉLLEZ ACEVEDO Yendri (CMG),CMG,DÍAZ ALONSO Dayron (ART),ART,6,,RF,Cándido González. Camaguey (CMG)
199,9/3/2019,JIMÉNEZ HERNÁNDEZ José Antonio (ART),ART,PÉREZ VERGARA Carlos Alfredo (CMG),CMG,9,,LF,Cándido González. Camaguey (CMG)
200,9/3/2019,BLANCO HERNÁNDEZ Lázaro Emilio (PRI),PRI,CRUZ RONDÓN Yoalkis (LTU),LTU,6,2B,LF,Julio Antonio Mella. Las Tunas (LTU)
201,9/3/2019,IBÁÑEZ ARAGÓN Yusniel (CFG),CFG,BICET LABRADA Alberto (SCU),SCU,1,1B,RF,Guillermón Moncada. Santiago de Cuba (SCU)
202,9/3/2019,IBÁÑEZ ARAGÓN Yusniel (CFG),CFG,BICET LABRADA Alberto (SCU),SCU,3,,RF,Guillermón Moncada. Santiago de Cuba (SCU)
203,9/4/2019,CASTRO MOÑAGORRY Danel (LTU),LTU,GONZÁLEZ MORENO Reilandy (PRI),PRI,7,,LF,Gilberto Ferrales. Amancio (LTU)
204,9/4/2019,PEÑA RIVERO Denis (LTU),LTU,GONZÁLEZ MORENO Reilandy (PRI),PRI,7,,RF,Gilberto Ferrales. Amancio (LTU)
205,9/4/2019,SAAVEDRA VALDÉS William (PRI),PRI,SOCARRÁS ROJAS Yormani (LTU),LTU,9,,LF,Gilberto Ferrales. Amancio (LTU)
206,9/4/2019,DUARTE HERNÁNDEZ Donal (PRI),PRI,SOCARRÁS ROJAS Yormani (LTU),LTU,9,,LF,Gilberto Ferrales. Amancio (LTU)
207,9/4/2019,GARCÍA FIGUEREDO Darién (GRA),GRA,NÁPOLES RENGIFO Diosvel (MAY),MAY,2,,LF,10 de Octubre. Yara (GRA)
208,9/5/2019,BRAVO RIQUENE Humberto (CMG),CMG,SÁNCHEZ CUESTA Israel (ART),ART,8,,RF,Cándido González. Camaguey (CMG)
209,9/5/2019,PAUMIER OLIVA Yunior (HOL),HOL,GARCÍA ESCALANTE Vladimir (CAV),CAV,2,,LF,Mayor General Calixto García. Holguín (HOL)
210,9/5/2019,PAUMIER OLIVA Yunior (HOL),HOL,GARCÍA ESCALANTE Vladimir (CAV),CAV,4,,LF,Mayor General Calixto García. Holguín (HOL)
211,9/5/2019,FADRAGA PÉREZ Alfredo (CAV),CAV,PAREDES CÉSPEDES Wilson (HOL),HOL,9,1B-2B-3B,LF,Mayor General Calixto García. Holguín (HOL)
212,9/5/2019,GONZÁLEZ ISIDORIA Raul (CAV),CAV,VALERA BANEGAS Elexis (HOL),HOL,9,1B-2B-3B,LF,Mayor General Calixto García. Holguín (HOL)
213,9/5/2019,MORALES GONZÁLEZ Humberto (CAV),CAV,VALERA BANEGAS Elexis (HOL),HOL,9,,RF,Mayor General Calixto García. Holguín (HOL)
214,9/5/2019,PRIETO ECHEVARRÍA César (CFG),CFG,FONT MUSTELIER Carlos (SCU),SCU,1,,LF,Guillermón Moncada. Santiago de Cuba (SCU)
215,9/5/2019,GUIBERT STEVEN Yoelkis (SCU),SCU,BARRETO GRAVE DE PERALTA Reemberto (CFG),CFG,7,,RF,Guillermón Moncada. Santiago de Cuba (SCU)
216,9/5/2019,SAMÓN MATAMOROS Yordanis (IND),IND,PÉREZ HERNÁNDEZ Yamichel (SSP),SSP,1,1B-2B,LF,Latinoamericano. Cerro (HAB)
217,9/5/2019,CEPEDA CRUZ Frederich (SSP),SSP,PONCE FRENE Héctor (IND),IND,5,1B,RF,Latinoamericano. Cerro (HAB)
218,9/5/2019,AROCHE JIMÉNEZ Wilfredo Yasel (IND),IND,MAURI GUTIÉRREZ Yankiel (SSP),SSP,5,3B,RF,Latinoamericano. Cerro (HAB)
219,9/5/2019,GARCÍA ORTEGA Dayán (ART),ART,ROBLE RODRÍGUEZ Ramón (CMG),CMG,5,1B,LF,Cándido González. Camaguey (CMG)
220,9/5/2019,QUESADA PEDROSO Pavel (CFG),CFG,BETANCOURT CHACÓN Danny (SCU),SCU,1,3B,LF,Guillermón Moncada. Santiago de Cuba (SCU)
221,9/5/2019,IBÁÑEZ ARAGÓN Yusniel (CFG),CFG,GUTIÉRREZ NÁPOLES José Luis (SCU),SCU,2,2B,RF,Guillermón Moncada. Santiago de Cuba (SCU)
222,9/5/2019,GUZMÁN LEBLANCH Luis (SCU),SCU,BALLESTER HERNÁNDEZ Camilo (CFG),CFG,2,1B-3B,RF,Guillermón Moncada. Santiago de Cuba (SCU)
223,9/5/2019,LÓPEZ MARTÍNEZ Richel (CFG),CFG,MEJÍAS RODRÍGUEZ Uber Luis (SCU),SCU,3,2B,RF,Guillermón Moncada. Santiago de Cuba (SCU)
224,9/5/2019,SÁNCHEZ CELDA Rudens (SCU),SCU,OZUNA HERNÁNDEZ José A. (CFG),CFG,6,,LF,Guillermón Moncada. Santiago de Cuba (SCU)
225,9/5/2019,MATEO TERRY Luis Vicente (CFG),CFG,GARCÉS HERRERA Yosmel (SCU),SCU,7,,LF,Guillermón Moncada. Santiago de Cuba (SCU)
226,9/5/2019,REYES ORTEGA Raul (VCL),VCL,GAMBOA CORREOSO Yunier (IJV),IJV,4,1B,LF,Cristóbal Labra. Nueva Gerona (IJV)
227,9/5/2019,ALARCÓN TARDIO Yosvani (LTU),LTU,ZAMBRANA IZQUIERDO Yasiel (PRI),PRI,6,,CF,Julio Antonio Mella. Las Tunas (LTU)
228,9/5/2019,AGUILERA PORTILLA Lerys (HOL),HOL,HERNÁNDEZ SANTANA Sergio (CAV),CAV,3,,LF,Mayor General Calixto García. Holguín (HOL)
229,9/5/2019,CIVIL GONZÁLEZ Abdel (CAV),CAV,SANTIESTEBAN PEÑA Carlos A. (HOL),HOL,7,1B,LF,Mayor General Calixto García. Holguín (HOL)
230,9/5/2019,CEDEÑO GONZÁLEZ Lázaro Alfredo (GRA),GRA,MARTÍNEZ PÉREZ Yadián (MAY),MAY,2,,LF,Mártires de Barbados. Bayamo (GRA)
231,9/5/2019,GARCÍA FIGUEREDO Darién (GRA),GRA,MARTÍNEZ PÉREZ Yadián (MAY),MAY,2,,LF,Mártires de Barbados. Bayamo (GRA)
232,9/5/2019,GONZÁLEZ VEGA Yasniel (MAY),MAY,BLANCO MATOS Lázaro (GRA),GRA,5,1B,CF,Mártires de Barbados. Bayamo (GRA)
233,9/5/2019,MILIÁN SANTOS Yulián Rafael (GRA),GRA,MARTÍNEZ PÉREZ Yadián (MAY),MAY,5,,CF,Mártires de Barbados. Bayamo (GRA)
234,9/5/2019,CAMERO RODRÍGUEZ Javier (MTZ),MTZ,MENA SILOT Dairon (GTM),GTM,2,,LF,Nguyen Van Troi. Guantánamo (GTM)
235,9/5/2019,LUIS CAMPILLO Willian (MTZ),MTZ,MARTÍNEZ MONTES Orlandis (GTM),GTM,9,1B,LF,Nguyen Van Troi. Guantánamo (GTM)
236,9/5/2019,BLANCO DÍAZ Eduardo (MTZ),MTZ,MARTÍNEZ MONTES Orlandis (GTM),GTM,9,1B,LF,Nguyen Van Troi. Guantánamo (GTM)
237,9/7/2019,RIVERA DESPAIGNE Luis Felipe (IJV),IJV,GARCÍA ANDÚJAR Ulfrido (SCU),SCU,1,1B-2B,RF,Cristóbal Labra. Nueva Gerona (IJV)
238,9/7/2019,LABRADA MARÉN Adriel (SCU),SCU,PÉREZ RODRÍGUEZ Wilber (IJV),IJV,8,,LF,Cristóbal Labra. Nueva Gerona (IJV)
239,9/7/2019,CORREA SÁNCHEZ Lisbán (IND),IND,ENTENZA GONZÁLEZ Noelvis (MTZ),MTZ,2,,LF,Latinoamericano. Cerro (HAB)
240,9/7/2019,ARRUEBARUENA ESCALANTE Bárbaro Erisbe,MTZ,GONZÁLEZ SÁNCHEZ Erick Cristhian (IND),IND,9,1B,RF,Latinoamericano. Cerro (HAB)
241,9/7/2019,ALARCÓN TARDIO Yordanis (LTU),LTU,INSUA MORFA Yasmany (CFG),CFG,4,,LF,5 de Septiembre. Cienfuegos (CFG)
242,9/7/2019,CIVIL GONZÁLEZ Abdel (CAV),CAV,COUSIN DE LA ROSA Yosimar (CMG),CMG,3,2B,LF,Cándido González. Camaguey (CMG)
243,9/7/2019,ESQUERRES VALDÉS Moisés (ART),ART,PÉREZ RIVERÓN Juan Enrique (HOL),HOL,7,,LF,Mayor General Calixto García. Holguín (HOL)
244,9/8/2019,RODRÍGUEZ CANDANO Pedro Luis (PRI),PRI,MOREIRA RODRÍGUEZ Lander (GTM),GTM,1,1B,LF,Capitán San Luis. Pinar del Río (PRI)
245,9/8/2019,LEÓN RODRÍGUEZ Reinier (PRI),PRI,CASTILLO MUÑOZ Luis Enrique (GTM),GTM,6,2B,LF,Capitán San Luis. Pinar del Río (PRI)
246,9/8/2019,SÁNCHEZ CELDA Rudens (SCU),SCU,MILLÁN ROLDÁN Erasmo (IJV),IJV,4,,LF,Cristóbal Labra. Nueva Gerona (IJV)
247,9/8/2019,GUZMÁN LEBLANCH Luis (SCU),SCU,GUILARTE LEÓN Raul (IJV),IJV,8,,CF,Cristóbal Labra. Nueva Gerona (IJV)
248,9/8/2019,ALOMÁ HERRERA Jorge Enrique (IND),IND,BLANCO PORTAL Yaniel (MTZ),MTZ,9,,LF,Latinoamericano. Cerro (HAB)
249,9/8/2019,LA ROSA AGUILA Yulexis (VCL),VCL,ALONSO RODRÍGUEZ Darián (MAY),MAY,2,,LF,Adelfo Hernández. Nueva Paz (MAY)
250,9/8/2019,CARABEO MÉNDEZ Javier (MAY),MAY,CARRILLO CARVAJAL Robelio (VCL),VCL,2,,CF,Adelfo Hernández. Nueva Paz (MAY)
251,9/8/2019,CASTRO MOÑAGORRY Danel (LTU),LTU,SÁNCHEZ HERNÁNDEZ Leorisbel (CFG),CFG,4,3B,LF,5 de Septiembre. Cienfuegos (CFG)
252,9/8/2019,PROENZA MATOS Ronmy (ART),ART,ORIZ ABALLE Maracle Rubén (HOL),HOL,2,,RF,José Abréu. Sagua de Tánamo (HOL)
253,9/8/2019,JIMÉNEZ HERNÁNDEZ José Antonio (ART),ART,PAREDES CÉSPEDES Wilson (HOL),HOL,4,2B-3B,LF,José Abréu. Sagua de Tánamo (HOL)
254,9/9/2019,RODRÍGUEZ CANDANO Pedro Luis (PRI),PRI,NAVARRO NOA Frank (GTM),GTM,6,,LF,Capitán San Luis. Pinar del Río (PRI)
255,9/9/2019,HERNÁNDEZ GÓMEZ Irandi (PRI),PRI,NAVARRO NOA Frank (GTM),GTM,6,,CF,Capitán San Luis. Pinar del Río (PRI)
256,9/9/2019,SÁNCHEZ CELDA Rudens (SCU),SCU,QUINTANA GAMBOA Franklin (IJV),IJV,5,2B,LF,Cristóbal Labra. Nueva Gerona (IJV)
257,9/9/2019,ACEBAL PÉREZ Jordanys (IJV),IJV,FONT MUSTELIER Carlos (SCU),SCU,7,,LF,Cristóbal Labra. Nueva Gerona (IJV)
258,9/9/2019,DELGADO CASTAÑEDA Jefferson (MTZ),MTZ,SOSA CUESTA Adrián Rajiv (IND),IND,6,1B,RF,Latinoamericano. Cerro (HAB)
259,9/9/2019,HERNÁNDEZ MATOS Andrés (IND),IND,DUEÑAS MORÉ Armando (MTZ),MTZ,8,1B,LF,Latinoamericano. Cerro (HAB)
260,9/9/2019,CORREA SÁNCHEZ Lisbán (IND),IND,PARRA LIMONTA Haykel (MTZ),MTZ,9,1B,LF,Latinoamericano. Cerro (HAB)
261,9/9/2019,BENAVIDES ROUSEAUX Ariel Enrique (CAV),CAV,CONTRERAS ESQUIVEL Juan S. (CMG),CMG,2,2B-3B,LF,Cándido González. Camaguey (CMG)
262,9/10/2019,BARROSO PUERTA Dunieski Ramón (SSP),SSP,PÉREZ MERIÑO Juan Danilo (GRA),GRA,1,3B,RF,José Antonio Huelga. Sancti Spiritus (SSP)
263,9/11/2019,LABRADA MARÉN Adriel (SCU),SCU,ALVAREZ DÍAZ Frank A. (PRI),PRI,5,1B-2B,LF,Capitán San Luis. Pinar del Río (PRI)
264,9/11/2019,PEÑALVER DARCOURT Yhosvani (IND),IND,RODRÍGUEZ YORDI Yariel (CMG),CMG,4,,RF,Latinoamericano. Cerro (HAB)
265,9/11/2019,FERNÁNDEZ LEMUS Luis (MAY),MAY,MARTÍNEZ LORENZO Yairon (CAV),CAV,3,,LF,Héroes del Mayabeque. Guines (MAY)
266,9/11/2019,LAVANDERA ALVAREZ Orlando (MAY),MAY,MARTÍNEZ LORENZO Yairon (CAV),CAV,4,1B,LF,Héroes del Mayabeque. Guines (MAY)
267,9/11/2019,GONZÁLEZ VEGA Yasniel (MAY),MAY,CÁRDENAS AGUERO Osvaldo (CAV),CAV,8,,LF,Héroes del Mayabeque. Guines (MAY)
268,9/11/2019,DELGADO CASTAÑEDA Jefferson (MTZ),MTZ,HERNÁNDEZ CRUZ Yoanni (SSP),SSP,5,1B,LF,Victoria de Girón. Matanzas (MTZ)
269,9/11/2019,PALMA FONSECA Darién (GRA),GRA,AVEILLÉ OLIVERA Oscar Luis (VCL),VCL,9,,LF,Augusto César Sandino. Santa Clara (VCL)
270,9/12/2019,CASTRO MOÑAGORRY Danel (LTU),LTU,DÍAZ ALONSO Dayron (ART),ART,1,,CF,Tricontinental. Guira de Melena (ART)
271,9/12/2019,DE LA CRUZ MATOS Andrés (LTU),LTU,DÍAZ ALONSO Dayron (ART),ART,3,1B-2B,RF,Tricontinental. Guira de Melena (ART)
272,9/12/2019,PROENZA MATOS Ronmy (ART),ART,CIVIL HIDALGO Alberto Pablo (LTU),LTU,6,1B-3B,RF,Tricontinental. Guira de Melena (ART)
273,9/12/2019,URGELLÉS COBAS Yoandry (IND),IND,BASULTO VALDÉS Erislery (CMG),CMG,6,,RF,Latinoamericano. Cerro (HAB)
274,9/12/2019,RAMOS POZO Rangel (MAY),MAY,DUQUESNE CANTERO Dachel (CAV),CAV,4,2B-3B,LF,Héroes del Mayabeque. Guines (MAY)
275,9/12/2019,GONZÁLEZ VEGA Yasniel (MAY),MAY,DUQUESNE CANTERO Dachel (CAV),CAV,5,,LF,Héroes del Mayabeque. Guines (MAY)
276,9/12/2019,LUIS CAMPILLO Willian (MTZ),MTZ,CASTELLANO PÉREZ Harbin (SSP),SSP,3,1B-2B-3B,LF,Victoria de Girón. Matanzas (MTZ)
277,9/12/2019,SANTOYA ZULUETA Yasiel (MTZ),MTZ,BRAÑA ROJAS José Luis (SSP),SSP,7,3B,LF,Victoria de Girón. Matanzas (MTZ)
278,9/12/2019,VIZCAINO RODRÍGUEZ Yurién (VCL),VCL,MARTÍNEZ MARTÍNEZ Leandro (GRA),GRA,5,1B,RF,Augusto César Sandino. Santa Clara (VCL)
279,9/12/2019,PÉREZ ROMERO Yeniet (VCL),VCL,RODRÍGUEZ LEÓN Kelbis (GRA),GRA,7,,LF,Augusto César Sandino. Santa Clara (VCL)
280,9/13/2019,ALMEIDA TAMAYO Pedro (HOL),HOL,CÓRDOVA VÁZQUEZ José A. (CFG),CFG,5,,RF,Mayor General Calixto García. Holguín (HOL)
281,9/13/2019,IBÁÑEZ ARAGÓN Yusniel (CFG),CFG,SÁNCHEZ ARCIA José Antonio (HOL),HOL,5,1B-2B,RF,Mayor General Calixto García. Holguín (HOL)
282,9/13/2019,GONZÁLEZ ASCUY Luis Antonio (CMG),CMG,CHI MONTOYA Bryan (IND),IND,8,1B,CF,Latinoamericano. Cerro (HAB)
283,9/13/2019,HERNÁNDEZ ORTÍZ Juan C. (MAY),MAY,GUEVARA MORALES Yander (CAV),CAV,4,1B-2B,RF,Héroes del Mayabeque. Guines (MAY)
284,9/13/2019,FADRAGA PÉREZ Alfredo (CAV),CAV,VÁSQUEZ SÁNCHEZ Luis Miguel (MAY),MAY,9,,LF,Héroes del Mayabeque. Guines (MAY)
285,9/13/2019,MARTÍNEZ MESA Juan Manuel (MTZ),MTZ,ALVAREZ JIMÉNEZ Pedro Angel (SSP),SSP,2,,LF,Victoria de Girón. Matanzas (MTZ)
286,9/13/2019,PÉREZ ROMERO Yeniet (VCL),VCL,GARCÍA RONDÓN César (GRA),GRA,4,,LF,Augusto César Sandino. Santa Clara (VCL)
287,9/15/2019,HECHAVARRÍA LORES Luis Jairon (GTM),GTM,ORTIZ ALVAREZ Michel (ART),ART,2,2B,LF,26 de Julio. Artemisa (ART)
288,9/15/2019,CREMET PLANA Over (GTM),GTM,SÁNCHEZ CUESTA Israel (ART),ART,7,,CF,26 de Julio. Artemisa (ART)
289,9/15/2019,CARBONELL TERRERO Félix (GTM),GTM,SÁNCHEZ CUESTA Israel (ART),ART,8,,LF,26 de Julio. Artemisa (ART)
290,9/15/2019,SAAVEDRA VALDÉS William (PRI),PRI,SOSA CUESTA Adrián Rajiv (IND),IND,7,1B,LF,Latinoamericano. Cerro (HAB)
291,9/15/2019,BLANCO HERNÁNDEZ Lázaro Emilio (PRI),PRI,NODAL SUÁREZ Elder (IND),IND,9,1B,RF,Latinoamericano. Cerro (HAB)
292,9/15/2019,GONZÁLEZ VEGA Yasniel (MAY),MAY,RODRÍGUEZ FONSECA Rubén (HOL),HOL,4,,LF,Nelson Fernández. San José de las Lajas (MAY)
293,9/15/2019,CAMERO RODRÍGUEZ Javier (MTZ),MTZ,VIERA ALVAREZ Carlos Juan (LTU),LTU,1,1B,CF,Victoria de Girón. Matanzas (MTZ)
294,9/15/2019,CASTRO MOÑAGORRY Danel (LTU),LTU,DUEÑAS MORÉ Armando (MTZ),MTZ,6,1B,LF,Victoria de Girón. Matanzas (MTZ)
295,9/15/2019,ALARCÓN TARDIO Yosvani (LTU),LTU,QUESADA COTO Andy (MTZ),MTZ,8,1B-2B-3B,LF,Victoria de Girón. Matanzas (MTZ)
296,9/15/2019,AYALA GARCÍA Alexander (CMG),CMG,PÉREZ RAMOS Alex Daniel (CFG),CFG,2,,RF,5 de Septiembre. Cienfuegos (CFG)
297,9/15/2019,SORIANO GARCÍA Juan Miguel (CFG),CFG,MADAN MONTEJO Frank (CMG),CMG,6,,LF,5 de Septiembre. Cienfuegos (CFG)
298,9/15/2019,AYALA GARCÍA Alexander (CMG),CMG,SÁNCHEZ HERNÁNDEZ Leorisbel (CFG),CFG,7,,CF,5 de Septiembre. Cienfuegos (CFG)
299,9/15/2019,RODRÍGUEZ GARCÍA Félix (CFG),CFG,GÓNGORA DE LA TORRE Dariel (CMG),CMG,8,,RF,5 de Septiembre. Cienfuegos (CFG)
300,9/15/2019,IBÁÑEZ ARAGÓN Yusniel (CFG),CFG,GÓNGORA DE LA TORRE Dariel (CMG),CMG,8,,RF,5 de Septiembre. Cienfuegos (CFG)
301,9/15/2019,BRIDÓN SANDUY Jonathan Lázaro (CAV),CAV,PÉREZ HERNÁNDEZ Yamichel (SSP),SSP,2,,LF,José Ramón Cepero. Ciego de Avila (CAV)
302,9/15/2019,VALDÉS EXPOSITO Rubén (CAV),CAV,PÉREZ HERNÁNDEZ Yamichel (SSP),SSP,3,,LF,José Ramón Cepero. Ciego de Avila (CAV)
303,9/15/2019,CEPEDA CRUZ Frederich (SSP),SSP,HERNÁNDEZ SANTANA Sergio (CAV),CAV,4,1B,RF,José Ramón Cepero. Ciego de Avila (CAV)
304,9/15/2019,FADRAGA PÉREZ Alfredo (CAV),CAV,PÉREZ HERNÁNDEZ Yamichel (SSP),SSP,6,,LF,José Ramón Cepero. Ciego de Avila (CAV)
305,9/16/2019,BLANCO HERNÁNDEZ Lázaro Emilio (PRI),PRI,ORTEGA DEL RÍO Marcos (IND),IND,2,2B-3B,RF,Latinoamericano. Cerro (HAB)
306,9/16/2019,POZO ZAYAS Alexander (MAY),MAY,SANTIESTEBAN PEÑA Carlos A. (HOL),HOL,3,1B-2B,LF,Nelson Fernández. San José de las Lajas (MAY)
307,9/16/2019,GONZÁLEZ VEGA Yasniel (MAY),MAY,SANTIESTEBAN PEÑA Carlos A. (HOL),HOL,3,,RF,Nelson Fernández. San José de las Lajas (MAY)
308,9/16/2019,HERNÁNDEZ ORTÍZ Juan C. (MAY),MAY,CASTAÑEDA DONNY Yoidel (HOL),HOL,3,,RF,Nelson Fernández. San José de las Lajas (MAY)
309,9/16/2019,PAUMIER OLIVA Yunior (HOL),HOL,MARTÍNEZ PÉREZ Yadián (MAY),MAY,4,,LF,Nelson Fernández. San José de las Lajas (MAY)
310,9/16/2019,PEÑA CENTRAY Jorge Luis (HOL),HOL,ALVAREZ DEL SOL Alyanser (MAY),MAY,8,,LF,Nelson Fernández. San José de las Lajas (MAY)
311,9/16/2019,SÁNCHEZ CELDA Rudens (SCU),SCU,CARRILLO CARVAJAL Robelio (VCL),VCL,2,,LF,Augusto César Sandino. Santa Clara (VCL)
312,9/16/2019,GUZMÁN LEBLANCH Luis (SCU),SCU,CARRILLO CARVAJAL Robelio (VCL),VCL,2,3B,RF,Augusto César Sandino. Santa Clara (VCL)
313,9/16/2019,TORRES BAENA Santiago (SCU),SCU,CARRILLO CARVAJAL Robelio (VCL),VCL,3,,LF,Augusto César Sandino. Santa Clara (VCL)
314,9/16/2019,LABRADA MARÉN Adriel (SCU),SCU,LORENZO ALFONSO Lázaro Javier (VCL),VCL,5,,LF,Augusto César Sandino. Santa Clara (VCL)
315,9/16/2019,LEIVA GATTORNO Ivailo (VCL),VCL,MEJÍAS RODRÍGUEZ Uber Luis (SCU),SCU,8,,RF,Augusto César Sandino. Santa Clara (VCL)
316,9/16/2019,CIVIL GONZÁLEZ Abdel (CAV),CAV,SOCARRÁS SUÁREZ Yoen (SSP),SSP,4,,RF,José Ramón Cepero. Ciego de Avila (CAV)
317,9/16/2019,URGELLÉS GONZÁLEZ Leonardo (IJV),IJV,MOJENA MACHADO Joel (GRA),GRA,8,2B,LF,Mártires de Barbados. Bayamo (GRA)
318,9/17/2019,BLANCO DÍAZ Dayron (IND),IND,TORRES GÓMEZ Yosvani (PRI),PRI,5,2B,RF,Latinoamericano. Cerro (HAB)
319,9/17/2019,BLANCO DÍAZ Dayron (IND),IND,ALVAREZ DÍAZ Frank A. (PRI),PRI,8,2B-3B,RF,Latinoamericano. Cerro (HAB)
320,9/17/2019,CAMERO RODRÍGUEZ Javier (MTZ),MTZ,SÁNCHEZ PÉREZ Angel (LTU),LTU,2,1B,LF,Victoria de Girón. Matanzas (MTZ)
321,9/17/2019,SORIANO GARCÍA Juan Miguel (CFG),CFG,BASULTO VALDÉS Erislery (CMG),CMG,7,,LF,5 de Septiembre. Cienfuegos (CFG)
322,9/17/2019,GONZÁLEZ ASCUY Luis Antonio (CMG),CMG,CAMPOS CARRAZANA Abel (CFG),CFG,8,,LF,5 de Septiembre. Cienfuegos (CFG)
323,9/17/2019,FISS MORALES Yoelvis (CAV),CAV,CASTELLANO PÉREZ Harbin (SSP),SSP,6,1B,LF,José Ramón Cepero. Ciego de Avila (CAV)
324,9/17/2019,MORALES GONZÁLEZ Humberto (CAV),CAV,MAURI GUTIÉRREZ Yankiel (SSP),SSP,9,1B,LF,José Ramón Cepero. Ciego de Avila (CAV)
325,9/17/2019,GÁLVEZ GUERRA Dainier (IJV),IJV,CASTILLO JEREZ Yunier (GRA),GRA,8,,LF,Mártires de Barbados. Bayamo (GRA)
326,9/19/2019,PEÑALVER DARCOURT Yhosvani (IND),IND,BETANCOURT LORA José Norbelis (MAY),MAY,5,1B,RF,Nelson Fernández. San José de las Lajas (MAY)
327,9/19/2019,PEÑA CENTRAY Jorge Luis (HOL),HOL,ENTENZA GONZÁLEZ Noelvis (MTZ),MTZ,1,1B,LF,Victoria de Girón. Matanzas (MTZ)
328,9/19/2019,MEDINA PÉREZ Aníbal (MTZ),MTZ,ORIZ ABALLE Maracle Rubén (HOL),HOL,1,,LF,Victoria de Girón. Matanzas (MTZ)
329,9/19/2019,CACERES DORCINET Maikel (HOL),HOL,ENTENZA GONZÁLEZ Noelvis (MTZ),MTZ,3,,LF,Victoria de Girón. Matanzas (MTZ)
330,9/19/2019,PEÑA CENTRAY Jorge Luis (HOL),HOL,PARRA LIMONTA Haykel (MTZ),MTZ,8,,LF,Victoria de Girón. Matanzas (MTZ)
331,9/19/2019,SARDUY ESCOBAR Andy (VCL),VCL,COUSIN DE LA ROSA Yosimar (CMG),CMG,7,,LF,Cándido González. Camaguey (CMG)
332,9/19/2019,GONZÁLEZ ASCUY Luis Antonio (CMG),CMG,HERNÁNDEZ ROJAS Yasmani (VCL),VCL,9,1B,LF,Cándido González. Camaguey (CMG)
333,9/19/2019,PEÑA RIVERO Denis (LTU),LTU,CARBO CAMPOALEGRE Jonathan (IJV),IJV,7,1B,LF,Julio Antonio Mella. Las Tunas (LTU)
334,9/19/2019,SANTOS ALMEIDA Raico (GRA),GRA,MOREIRA ARGUELLO Reidel (GTM),GTM,5,,LF,Nguyen Van Troi. Guantánamo (GTM)
335,9/19/2019,SÁNCHEZ ACOSTA Hubert (GRA),GRA,MARTÍNEZ MONTES Orlandis (GTM),GTM,8,1B,CF,Nguyen Van Troi. Guantánamo (GTM)
336,9/20/2019,BLANCO HERNÁNDEZ Lázaro Emilio (PRI),PRI,ALVAREZ JIMÉNEZ Pedro Angel (SSP),SSP,5,1B,RF,José Antonio Huelga. Sancti Spiritus (SSP)
337,9/20/2019,SILVA LA O Edilse (SCU),SCU,ORTIZ ALVAREZ Michel (ART),ART,1,1B-2B,RF,26 de Julio. Artemisa (ART)
338,9/20/2019,MORENO RODRÍGUEZ Yoan (ART),ART,FONT MUSTELIER Carlos (SCU),SCU,7,1B,LF,26 de Julio. Artemisa (ART)
339,9/20/2019,SANTOS ALMEIDA Raico (GRA),GRA,FERNÁNDEZ FAVIER Enyer (GTM),GTM,10,1B-2B-3B,RF,Nguyen Van Troi. Guantánamo (GTM)
340,9/21/2019,ALOMÁ HERRERA Jorge Enrique (IND),IND,BATISTA HERNÁNDEZ Mario (MAY),MAY,4,,LF,Nelson Fernández. San José de las Lajas (MAY)
341,9/21/2019,GONZÁLEZ VEGA Yasniel (MAY),MAY,PONCE FRENE Héctor (IND),IND,10,1B-3B,LF,Nelson Fernández. San José de las Lajas (MAY)
342,9/21/2019,FADRAGA PÉREZ Alfredo (CAV),CAV,BARRETO GRAVE DE PERALTA Reemberto (CFG),CFG,2,2B-3B,RF,Mártires de Chambas. Chambas (CAV)
343,9/21/2019,SILVA LA O Edilse (SCU),SCU,MARTÍNEZ CABRERA Ricardo (ART),ART,6,1B-2B,RF,26 de Julio. Artemisa (ART)
344,9/21/2019,LAVANDERA ALVAREZ Orlando (MAY),MAY,NODAL SUÁREZ Elder (IND),IND,4,,LF,Nelson Fernández. San José de las Lajas (MAY)
345,9/21/2019,ANDERSON STEPHES Leslie (CMG),CMG,LORENZO ALFONSO Lázaro Javier (VCL),VCL,6,1B,CF,Cándido González. Camaguey (CMG)
346,9/21/2019,GONZÁLEZ ASCUY Luis Antonio (CMG),CMG,CUETO PÉREZ Randy (VCL),VCL,6,1B-2B,LF,Cándido González. Camaguey (CMG)
347,9/21/2019,ROJAS CASTELLANO Eliseo (IJV),IJV,RODRÍGUEZ LEÓN Yudier (LTU),LTU,8,,CF,Julio Antonio Mella. Las Tunas (LTU)
348,9/21/2019,ALARCÓN TARDIO Yordanis (LTU),LTU,LASTRA GONZÁLEZ Miguel Angel (IJV),IJV,8,1B,CF,Julio Antonio Mella. Las Tunas (LTU)
349,9/23/2019,CARABEO MÉNDEZ Javier (MAY),MAY,GAMBOA CORREOSO Yunier (IJV),IJV,2,,RF,Cristóbal Labra. Nueva Gerona (IJV)
350,9/23/2019,ROJAS AGUILAR Luis Angel (IJV),IJV,CRUZ SERRANOS Mailon (MAY),MAY,2,,RF,Cristóbal Labra. Nueva Gerona (IJV)
351,9/23/2019,GÁLVEZ GUERRA Dainier (IJV),IJV,CRUZ SERRANOS Mailon (MAY),MAY,5,1B,LF,Cristóbal Labra. Nueva Gerona (IJV)
352,9/23/2019,VALDÉS NOGUEIRA Oscar (IND),IND,PAREDES CÉSPEDES Wilson (HOL),HOL,3,1B-2B-3B,LF,Latinoamericano. Cerro (HAB)
353,9/23/2019,PÉREZ ROMERO Yeniet (VCL),VCL,BRAÑA ROJAS José Luis (SSP),SSP,6,,RF,Augusto César Sandino. Santa Clara (VCL)
354,9/23/2019,SARDUY ESCOBAR Andy (VCL),VCL,HERNÁNDEZ LORENZO Roberto (SSP),SSP,7,,LF,Augusto César Sandino. Santa Clara (VCL)
355,9/23/2019,SEGURA MORALES Leonel (CMG),CMG,PEÑA RODRÍGUEZ José Armando (LTU),LTU,5,,CF,Cándido González. Camaguey (CMG)
356,9/23/2019,BENÍTEZ PÉREZ Carlos (GRA),GRA,GARCÍA ANDÚJAR Ulfrido (SCU),SCU,1,,LF,Guillermón Moncada. Santiago de Cuba (SCU)
357,9/23/2019,SILVA LA O Edilse (SCU),SCU,PÉREZ MERIÑO Juan Danilo (GRA),GRA,3,,LF,Guillermón Moncada. Santiago de Cuba (SCU)
358,9/24/2019,ABALLE SÁNCHEZ Franklin (HOL),HOL,HERNÁNDEZ BRUCES Pavel (IND),IND,2,2B,LF,Latinoamericano. Cerro (HAB)
359,9/24/2019,DELGADO CASTAÑEDA Jefferson (MTZ),MTZ,GONZÁLEZ LEDESMA Yulieski (ART),ART,5,1B-2B-3B,LF,Rubén Aldama. Pedro Betancourt (MTZ)
360,9/24/2019,PEÑA RIVERO Denis (LTU),LTU,COUSIN DE LA ROSA Yosimar (CMG),CMG,2,,LF,Cándido González. Camaguey (CMG)
361,9/24/2019,SANTOS MARTÍNEZ Roel (GRA),GRA,BICET LABRADA Alberto (SCU),SCU,2,1B-2B-3B,RF,Guillermón Moncada. Santiago de Cuba (SCU)
362,9/25/2019,LÓPEZ ROJAS Juan Carlos (VCL),VCL,PÉREZ HERNÁNDEZ Yamichel (SSP),SSP,1,,LF,Augusto César Sandino. Santa Clara (VCL)
363,9/25/2019,CARABEO MÉNDEZ Javier (MAY),MAY,MARTÍNEZ DÍAZ Maikel (IJV),IJV,2,,CF,Cristóbal Labra. Nueva Gerona (IJV)
364,9/25/2019,RAMOS POZO Rangel (MAY),MAY,PÉREZ RODRÍGUEZ Wilber (IJV),IJV,4,,LF,Cristóbal Labra. Nueva Gerona (IJV)
365,9/25/2019,HERNÁNDEZ ORTÍZ Juan C. (MAY),MAY,PÉREZ MOREJÓN José Ernesto (IJV),IJV,7,1B,RF,Cristóbal Labra. Nueva Gerona (IJV)
366,9/25/2019,CARABEO MÉNDEZ Javier (MAY),MAY,PADRINO FARRADA Luis A. (IJV),IJV,8,1B,RF,Cristóbal Labra. Nueva Gerona (IJV)
367,9/25/2019,AGUIAR HERNÁNDEZ Marnolki (HOL),HOL,MOLINA BARRIOS Yandi (IND),IND,6,1B,LF,Latinoamericano. Cerro (HAB)
368,9/25/2019,BLANCO DÍAZ Eduardo (MTZ),MTZ,VILLA SANTOS Misael (ART),ART,3,1B,LF,Victoria de Girón. Matanzas (MTZ)
369,9/25/2019,IBÁÑEZ ARAGÓN Yusniel (CFG),CFG,DOMÍNGUEZ PÉREZ Yaifredo (PRI),PRI,1,,RF,5 de Septiembre. Cienfuegos (CFG)
370,9/25/2019,GONZÁLEZ TORRES Yudiel (CAV),CAV,MOREIRA ARGUELLO Reidel (GTM),GTM,4,1B,RF,José Ramón Cepero. Ciego de Avila (CAV)
371,9/25/2019,BRIDÓN SANDUY Jonathan Lázaro (CAV),CAV,BLES MOYA Raciel (GTM),GTM,5,1B,LF,José Ramón Cepero. Ciego de Avila (CAV)
372,9/27/2019,GONZÁLEZ ABASCAL Frank Raul (PRI),PRI,MARTÍNEZ MARTÍNEZ Jonder (MTZ),MTZ,5,1B,RF,Capitán San Luis. Pinar del Río (PRI)
373,9/27/2019,GUERRA ECHAZÁBAL Tony D. (PRI),PRI,MARTÍNEZ MARTÍNEZ Jonder (MTZ),MTZ,7,1B,LF,Capitán San Luis. Pinar del Río (PRI)
374,9/27/2019,BORROTO JAUREGUI Yorbis (CAV),CAV,RODRÍGUEZ LEÓN Yudier (LTU),LTU,1,,LF,José Ramón Cepero. Ciego de Avila (CAV)
375,9/27/2019,LARDUERT DOMÍNGUEZ Yuniesky (LTU),LTU,GARCÍA ESCALANTE Vladimir (CAV),CAV,3,,LF,José Ramón Cepero. Ciego de Avila (CAV)
376,9/28/2019,RAMOS LA O Ricardo (SCU),SCU,GÓNGORA DE LA TORRE Dariel (CMG),CMG,4,1B,CF,Central Dos Ríos. Palma Soriano (SCU)
377,9/28/2019,SILVA LA O Edilse (SCU),SCU,ODELÍN SANAME Vicyohandri (CMG),CMG,7,1B,RF,Central Dos Ríos. Palma Soriano (SCU)
378,9/28/2019,GARBEY FONTANILLA Gabriel (GTM),GTM,ALVAREZ DEL SOL Alyanser (MAY),MAY,12,1B-2B-3B,CF,Nguyen Van Troi. Guantánamo (GTM)
379,9/28/2019,MILIÁN SANTOS Yulián Rafael (GRA),GRA,VIERA TORRES Yaniel (ART),ART,2,1B-3B,LF,Mártires de Barbados. Bayamo (GRA)
380,9/28/2019,GONZÁLEZ ASCUY Luis Antonio (CMG),CMG,GARCÍA ANDÚJAR Ulfrido (SCU),SCU,4,,RF,Guillermón Moncada. Santiago de Cuba (SCU)
381,9/28/2019,AYALA GARCÍA Alexander (CMG),CMG,GARCÍA ANDÚJAR Ulfrido (SCU),SCU,4,,LF,Guillermón Moncada. Santiago de Cuba (SCU)
382,9/28/2019,MEDINA PÉREZ Aníbal (MTZ),MTZ,CASANOVA CALLAVA Erlis (PRI),PRI,3,1B,LF,Capitán San Luis. Pinar del Río (PRI)
383,9/28/2019,GONZÁLEZ ABASCAL Frank Raul (PRI),PRI,RIVERO ESTRADA Reinier (MTZ),MTZ,4,1B-2B,RF,Capitán San Luis. Pinar del Río (PRI)
384,9/28/2019,DUQUE SALGADO Yariel (MTZ),MTZ,CASANOVA CALLAVA Erlis (PRI),PRI,6,1B,RF,Capitán San Luis. Pinar del Río (PRI)
385,9/28/2019,ALOMÁ HERRERA Jorge Enrique (IND),IND,DELGADO RAMOS Yanny (VCL),VCL,1,1B-2B,LF,Augusto César Sandino. Santa Clara (VCL)
386,9/28/2019,LÓPEZ ROJAS Juan Carlos (VCL),VCL,ORTEGA DEL RÍO Marcos (IND),IND,1,,RF,Augusto César Sandino. Santa Clara (VCL)
387,9/28/2019,BRIDÓN SANDUY Jonathan Lázaro (CAV),CAV,PEÑA RODRÍGUEZ José Armando (LTU),LTU,6,2B,LF,José Ramón Cepero. Ciego de Avila (CAV)
388,9/29/2019,DELGADO BUENO Robert Luis (GTM),GTM,CRUZ SERRANOS Mailon (MAY),MAY,1,2B,LF,Nguyen Van Troi. Guantánamo (GTM)
389,9/29/2019,RAMOS POZO Rangel (MAY),MAY,TURCÁS MAURE Yoenni (GTM),GTM,6,,LF,Nguyen Van Troi. Guantánamo (GTM)
390,9/29/2019,BLANCO DÍAZ Eduardo (MTZ),MTZ,TORRES GÓMEZ Yosvani (PRI),PRI,3,,RF,Capitán San Luis. Pinar del Río (PRI)
391,9/29/2019,URGELLÉS GONZÁLEZ Leonardo (IJV),IJV,PAREDES CÉSPEDES Wilson (HOL),HOL,4,,RF,Cristóbal Labra. Nueva Gerona (IJV)
392,9/29/2019,QUESADA PEDROSO Pavel (CFG),CFG,MAURI GUTIÉRREZ Yankiel (SSP),SSP,7,,LF,5 de Septiembre. Cienfuegos (CFG)
393,9/29/2019,PROENZA MATOS Ronmy (ART),ART,GARCÍA RONDÓN César (GRA),GRA,2,,RF,Wilfredo Pagés. Manzanillo (GRA)
394,9/29/2019,GUIBERT STEVEN Yoelkis (SCU),SCU,TRENCH GARCÍA Roger (CMG),CMG,7,1B-2B,RF,Guillermón Moncada. Santiago de Cuba (SCU)
395,9/29/2019,GONZÁLEZ ASCUY Luis Antonio (CMG),CMG,BARBOSA GÓMEZ José Carlos (SCU),SCU,9,1B-2B,LF,Guillermón Moncada. Santiago de Cuba (SCU)
396,10/1/2019,SAMÓN MATAMOROS Yordanis (IND),IND,CARBO CAMPOALEGRE Jonathan (IJV),IJV,1,1B,RF,Cristóbal Labra. Nueva Gerona (IJV)
397,10/1/2019,SAMÓN MATAMOROS Yordanis (IND),IND,CARBO CAMPOALEGRE Jonathan (IJV),IJV,2,1B-3B,CF,Cristóbal Labra. Nueva Gerona (IJV)
398,10/1/2019,GARCÍA FIGUEREDO Darién (GRA),GRA,BARRETO GRAVE DE PERALTA Reemberto (CFG),CFG,3,,RF,5 de Septiembre. Cienfuegos (CFG)
399,10/1/2019,IBARRA ARAQUE Yunior (SSP),SSP,MORENO OSORIO José Adiel (LTU),LTU,6,,LF,José Antonio Huelga. Sancti Spiritus (SSP)
400,10/2/2019,COSME OLIVA Andy (ART),ART,GARCÍA ESCALANTE Vladimir (CAV),CAV,6,,LF,26 de Julio. Artemisa (ART)
401,10/2/2019,PROENZA MATOS Ronmy (ART),ART,GUEVARA MORALES Yander (CAV),CAV,1,2B,RF,26 de Julio. Artemisa (ART)
402,10/2/2019,AGUIAR HERNÁNDEZ Marnolki (HOL),HOL,BETANCOURT CHACÓN Danny (SCU),SCU,2,2B-3B,CF,Mayor General Calixto García. Holguín (HOL)
403,10/2/2019,AGUIAR HERNÁNDEZ Marnolki (HOL),HOL,MONTERO LUNA Yoandri (SCU),SCU,6,1B-2B,CF,Mayor General Calixto García. Holguín (HOL)
404,10/2/2019,DUQUE SALGADO Yariel (MTZ),MTZ,LORENZO ALFONSO Lázaro Javier (VCL),VCL,1,1B,LF,Victoria de Girón. Matanzas (MTZ)
405,10/2/2019,PÉREZ GARCIA Andrys (MTZ),MTZ,LORENZO ALFONSO Lázaro Javier (VCL),VCL,2,1B,LF,Victoria de Girón. Matanzas (MTZ)
406,10/2/2019,PÉREZ GARCIA Andrys (MTZ),MTZ,CASTILLO PÉREZ Pedro Manuel (VCL),VCL,5,2B,LF,Victoria de Girón. Matanzas (MTZ)
407,10/2/2019,GARBEY FONTANILLA Gabriel (GTM),GTM,CONTRERAS ESQUIVEL Juan S. (CMG),CMG,2,,RF,Gerardo Acosta. Yateras (GTM)
408,10/2/2019,CARBONELL TERRERO Félix (GTM),GTM,CONTRERAS ESQUIVEL Juan S. (CMG),CMG,5,,LF,Gerardo Acosta. Yateras (GTM)
409,10/2/2019,GARBEY FONTANILLA Gabriel (GTM),GTM,ROBLE RODRÍGUEZ Ramón (CMG),CMG,6,,LF,Gerardo Acosta. Yateras (GTM)
410,10/2/2019,CREMET PLANA Over (GTM),GTM,ROBLE RODRÍGUEZ Ramón (CMG),CMG,6,,LF,Gerardo Acosta. Yateras (GTM)
411,10/2/2019,CREMET PLANA Over (GTM),GTM,PÉREZ VERGARA Carlos Alfredo (CMG),CMG,9,1B,RF,Gerardo Acosta. Yateras (GTM)
412,10/3/2019,COSME OLIVA Andy (ART),ART,DUQUESNE CANTERO Dachel (CAV),CAV,2,1B,LF,26 de Julio. Artemisa (ART)
413,10/3/2019,FADRAGA PÉREZ Alfredo (CAV),CAV,ALPÍZAR DUKE Dairon (ART),ART,5,1B,LF,26 de Julio. Artemisa (ART)
414,10/3/2019,CACERES DORCINET Maikel (HOL),HOL,GARCÍA ANDÚJAR Ulfrido (SCU),SCU,6,,LF,Mayor General Calixto García. Holguín (HOL)
415,10/4/2019,GONZÁLEZ ASCUY Luis Antonio (CMG),CMG,MOREIRA RODRÍGUEZ Lander (GTM),GTM,4,1B-3B,LF,Nguyen Van Troi. Guantánamo (GTM)
416,10/4/2019,SMITH LUGO Pedro (CMG),CMG,PREVAL VELÁZQUEZ Julio C. (GTM),GTM,8,,CF,Nguyen Van Troi. Guantánamo (GTM)
417,10/5/2019,ESCALANTE LORA Leonelkis (GTM),GTM,PAREDES CÉSPEDES Wilson (HOL),HOL,7,,RF,Nguyen Van Troi. Guantánamo (GTM)
418,10/6/2019,CALDERÓN MONTERO Alberto (IJV),IJV,TORRES GÓMEZ Yosvani (PRI),PRI,2,,RF,Capitán San Luis. Pinar del Río (PRI)
419,10/6/2019,PROENZA MATOS Ronmy (ART),ART,NODAL SUÁREZ Elder (IND),IND,2,2B-3B,RF,26 de Julio. Artemisa (ART)
420,10/6/2019,MILIÁN SANTOS Yulián Rafael (GRA),GRA,MARTÍNEZ LORENZO Yairon (CAV),CAV,5,1B,LF,Mártires de Barbados. Bayamo (GRA)
421,10/6/2019,GUIBERT STEVEN Yoelkis (SCU),SCU,YERA MONTALVO Yoanni (MTZ),MTZ,6,,RF,Guillermón Moncada. Santiago de Cuba (SCU)
422,10/6/2019,GUERRA ECHAZÁBAL Tony D. (PRI),PRI,PÉREZ RODRÍGUEZ Wilber (IJV),IJV,4,1B,LF,Capitán San Luis. Pinar del Río (PRI)
423,10/6/2019,JIMÉNEZ HERNÁNDEZ José Antonio (ART),ART,BAÑOS CHACÓN Vladimir (IND),IND,4,,LF,26 de Julio. Artemisa (ART)
424,10/6/2019,SANTOS ALMEIDA Raico (GRA),GRA,HERNÁNDEZ SANTANA Sergio (CAV),CAV,1,,RF,Mártires de Barbados. Bayamo (GRA)
425,10/6/2019,LABRADA MARÉN Adriel (SCU),SCU,RIVERO ESTRADA Reinier (MTZ),MTZ,2,1B,LF,Guillermón Moncada. Santiago de Cuba (SCU)
426,10/6/2019,GUZMÁN LEBLANCH Luis (SCU),SCU,RIVERO ESTRADA Reinier (MTZ),MTZ,2,,RF,Guillermón Moncada. Santiago de Cuba (SCU)
427,10/6/2019,ZAMORA RGUEZ Duviel (VCL),VCL,PÉREZ RAMOS Alex Daniel (CFG),CFG,7,1B-2B,LF,Milagros Jiménez. Ranchuelo (VCL)
428,10/6/2019,GONZÁLEZ SANAME Noel (HOL),HOL,AGUERO CASTILLO Pedro Enrique (GTM),GTM,1,,RF,Nguyen Van Troi. Guantánamo (GTM)
429,10/6/2019,GARBEY FONTANILLA Gabriel (GTM),GTM,ORIZ ABALLE Maracle Rubén (HOL),HOL,1,1B-2B,LF,Nguyen Van Troi. Guantánamo (GTM)
430,10/6/2019,PAUMIER OLIVA Yunior (HOL),HOL,AGUERO CASTILLO Pedro Enrique (GTM),GTM,2,,LF,Nguyen Van Troi. Guantánamo (GTM)
431,10/7/2019,SEGURA MORALES Leonel (CMG),CMG,MAURI GUTIÉRREZ Yankiel (SSP),SSP,3,,RF,Cándido González. Camaguey (CMG)
432,10/7/2019,MOA ACEVEDO Leonel (CMG),CMG,HERNÁNDEZ CRUZ Yoanni (SSP),SSP,6,1B,LF,Cándido González. Camaguey (CMG)
433,10/7/2019,AYALA GARCÍA Alexander (CMG),CMG,HERNÁNDEZ CRUZ Yoanni (SSP),SSP,7,1B-2B,LF,Cándido González. Camaguey (CMG)
434,10/7/2019,LAVANDERA ALVAREZ Orlando (MAY),MAY,RODRÍGUEZ LEÓN Yudier (LTU),LTU,2,1B-2B,LF,Julio Antonio Mella. Las Tunas (LTU)
435,10/7/2019,OLIVA MESQUITA Dariel (MAY),MAY,RODRÍGUEZ LEÓN Yudier (LTU),LTU,3,,CF,Julio Antonio Mella. Las Tunas (LTU)
436,10/7/2019,GONZÁLEZ VEGA Yasniel (MAY),MAY,RODRÍGUEZ LEÓN Yudier (LTU),LTU,5,1B,LF,Julio Antonio Mella. Las Tunas (LTU)
437,10/7/2019,DE LA CRUZ MATOS Andrés (LTU),LTU,BETANCOURT LORA José Norbelis (MAY),MAY,6,1B,CF,Julio Antonio Mella. Las Tunas (LTU)
438,10/7/2019,AYALA GARCÍA Alexander (CMG),CMG,DUARDO ROJAS Yanieski (SSP),SSP,7,1B,LF,Cándido González. Camaguey (CMG)
439,10/7/2019,VIÑALES ALVAREZ Rafael (LTU),LTU,CRUZ SERRANOS Mailon (MAY),MAY,5,,LF,Ramón Alvarez Martí. Majibacoa (LTU)
440,10/7/2019,CASTRO MOÑAGORRY Danel (LTU),LTU,CRUZ SERRANOS Mailon (MAY),MAY,5,1B,CF,Ramón Alvarez Martí. Majibacoa (LTU)
441,10/7/2019,FADRAGA PÉREZ Alfredo (CAV),CAV,MARTÍNEZ MARTÍNEZ Leandro (GRA),GRA,2,,CF,Mártires de Barbados. Bayamo (GRA)
442,10/7/2019,GUIBERT STEVEN Yoelkis (SCU),SCU,DUEÑAS MORÉ Armando (MTZ),MTZ,4,2B,RF,Guillermón Moncada. Santiago de Cuba (SCU)
443,10/7/2019,SANTOYA ZULUETA Yasiel (MTZ),MTZ,FONT MUSTELIER Carlos (SCU),SCU,6,1B-2B,RF,Guillermón Moncada. Santiago de Cuba (SCU)
444,10/7/2019,DELGADO CASTAÑEDA Jefferson (MTZ),MTZ,BETANCOURT CHACÓN Danny (SCU),SCU,7,,LF,Guillermón Moncada. Santiago de Cuba (SCU)
445,10/7/2019,SANTOYA ZULUETA Yasiel (MTZ),MTZ,BETANCOURT CHACÓN Danny (SCU),SCU,8,,LF,Guillermón Moncada. Santiago de Cuba (SCU)
446,10/7/2019,GUZMÁN LEBLANCH Luis (SCU),SCU,MENA JÚSTIZ David (MTZ),MTZ,11,1B-2B,RF,Guillermón Moncada. Santiago de Cuba (SCU)
447,10/7/2019,CERCÉ MARTÍNEZ Yoilán (GTM),GTM,SANTIESTEBAN PEÑA Carlos A. (HOL),HOL,6,,LF,Nguyen Van Troi. Guantánamo (GTM)
448,10/8/2019,PRIETO ECHEVARRÍA César (CFG),CFG,HERNÁNDEZ ORTA Oscar (VCL),VCL,2,1B-2B,LF,Augusto César Sandino. Santa Clara (VCL)
449,10/8/2019,SORIANO GARCÍA Juan Miguel (CFG),CFG,HERNÁNDEZ ORTA Oscar (VCL),VCL,5,1B,LF,Augusto César Sandino. Santa Clara (VCL)
450,10/8/2019,CEPEDA CRUZ Frederich (SSP),SSP,MADAN MONTEJO Frank (CMG),CMG,1,1B,RF,Cándido González. Camaguey (CMG)
451,10/8/2019,CEPEDA CRUZ Frederich (SSP),SSP,HERNÁNDEZ BETANCOURT Lisander (CMG),CMG,8,1B,RF,Cándido González. Camaguey (CMG)
452,10/9/2019,CORREA SÁNCHEZ Lisbán (IND),IND,GARCÍA RONDÓN César (GRA),GRA,1,1B,RF,Latinoamericano. Cerro (HAB)
453,10/9/2019,CORREA SÁNCHEZ Lisbán (IND),IND,GARCÍA RONDÓN César (GRA),GRA,5,1B,RF,Latinoamericano. Cerro (HAB)
454,10/9/2019,AROCHE JIMÉNEZ Wilfredo Yasel (IND),IND,RODRÍGUEZ LEÓN Kelbis (GRA),GRA,7,,RF,Latinoamericano. Cerro (HAB)
455,10/9/2019,BRAVO MOLINA Yaismel (CAV),CAV,SOCARRÁS ROJAS Yormani (LTU),LTU,6,,CF,José Ramón Cepero. Ciego de Avila (CAV)
456,10/10/2019,PÉREZ GUTIÉRREZ Yosbel (CMG),CMG,SUÁREZ HERNÁNDEZ Joel (MTZ),MTZ,9,2B,CF,Victoria de Girón. Matanzas (MTZ)
457,10/10/2019,ALARCÓN TARDIO Yosvani (LTU),LTU,CABRERA RODRÍGUEZ Michel A. (HOL),HOL,3,,CF,Julio Antonio Mella. Las Tunas (LTU)
458,10/10/2019,PEÑA RIVERO Denis (LTU),LTU,VALERA BANEGAS Elexis (HOL),HOL,7,1B-2B-3B,LF,Julio Antonio Mella. Las Tunas (LTU)
459,10/11/2019,PORTAL JIMÉNEZ Randy Rolando (VCL),VCL,ORTEGA DEL RÍO Marcos (IND),IND,4,1B,LF,Augusto César Sandino. Santa Clara (VCL)
460,10/13/2019,ORTIZ LUGONES Dismani (SSP),SSP,ENTENZA GONZÁLEZ Noelvis (MTZ),MTZ,2,,RF,José Antonio Huelga. Sancti Spiritus (SSP)
461,10/13/2019,CEPEDA LIMA Geyser A. (SSP),SSP,RIVERO ESTRADA Reinier (MTZ),MTZ,6,,CF,José Antonio Huelga. Sancti Spiritus (SSP)
462,10/14/2019,BENÍTEZ PÉREZ Carlos (GRA),GRA,BAÑOS CHACÓN Vladimir (IND),IND,1,3B,LF,Mártires de Barbados. Bayamo (GRA)
463,10/14/2019,BLANCO DÍAZ Dayron (IND),IND,BLANCO MATOS Lázaro (GRA),GRA,5,1B-2B-3B,RF,Mártires de Barbados. Bayamo (GRA)
464,10/14/2019,ALOMÁ HERRERA Jorge Enrique (IND),IND,BLANCO REYES Erluis (GRA),GRA,7,1B,LF,Mártires de Barbados. Bayamo (GRA)
465,10/14/2019,GARCÍA GARCÍA Guillermo (GRA),GRA,VALDÉS RODRÍGUEZ Andy Amaury (IND),IND,8,,CF,Mártires de Barbados. Bayamo (GRA)
466,10/15/2019,ARRUEBARUENA ESCALANTE Bárbaro Erisbe (MTZ),MTZ,BRAÑA ROJAS José Luis (SSP),SSP,3,1B-3B,CF,Victoria de Girón. Matanzas (MTZ)
467,10/16/2019,ARRUEBARUENA ESCALANTE Bárbaro Erisbe (MTZ),MTZ,MAURI GUTIÉRREZ Yankiel (SSP),SSP,3,,CF,Victoria de Girón. Matanzas (MTZ)
468,10/16/2019,CAMERO RODRÍGUEZ Javier (MTZ),MTZ,DUARDO ROJAS Yanieski (SSP),SSP,7,1B-2B,LF,Victoria de Girón. Matanzas (MTZ)
469,10/16/2019,LUIS CAMPILLO Willian (MTZ),MTZ,ALVAREZ JIMÉNEZ Pedro Angel (SSP),SSP,7,2B,LF,Victoria de Girón. Matanzas (MTZ)
470,10/16/2019,GARCÍA FIGUEREDO Darién (GRA),GRA,CHI MONTOYA Bryan (IND),IND,1,2B-3B,LF,Latinoamericano. Cerro (HAB)
471,10/17/2019,AROCHE JIMÉNEZ Wilfredo Yasel (IND),IND,GARCÍA RONDÓN César (GRA),GRA,1,1B,RF,Latinoamericano. Cerro (HAB)
472,10/17/2019,BLANCO DÍAZ Dayron (IND),IND,RODRÍGUEZ LEÓN Kelbis (GRA),GRA,2,1B,CF,Latinoamericano. Cerro (HAB)
473,10/27/2019,QUIALA HERRERA Andrés (LTU),LTU,CASANOVA CALLAVA Erlis (IND),IND,1,,LF,Latinoamericano. Cerro (HAB)
474,10/27/2019,AROCHE JIMÉNEZ Wilfredo Yasel (IND),IND,CRUZ RONDÓN Yoalkis (LTU),LTU,3,1B,RF,Latinoamericano. Cerro (HAB)
475,10/27/2019,CASTRO MOÑAGORRY Danel (LTU),LTU,CASANOVA CALLAVA Erlis (IND),IND,6,,LF,Latinoamericano. Cerro (HAB)
476,10/27/2019,LUIS CAMPILLO Willian (MTZ),MTZ,BICET LABRADA Alberto (SCU),SCU,2,1B,LF,Victoria de Girón. Matanzas (MTZ)
477,10/27/2019,RAMOS LA O Ricardo (SCU),SCU,TORRES GÓMEZ Yosvani (MTZ),MTZ,5,1B,LF,Victoria de Girón. Matanzas (MTZ)
478,10/27/2019,GARCÍA ORTEGA Dayán (SCU),SCU,CASTRO IZQUIERDO Irandy Javier (MTZ),MTZ,8,,LF,Victoria de Girón. Matanzas (MTZ)
479,10/27/2019,LÓPEZ MARTÍNEZ Richel (CFG),CFG,GÓNGORA DE LA TORRE Dariel (CMG),CMG,4,,LF,Cándido González. Camaguey (CMG)
480,10/28/2019,SILVA LA O Edilse (SCU),SCU,MIRABAL ESPINOSA Javier (MTZ),MTZ,1,1B,CF,Victoria de Girón. Matanzas (MTZ)
481,10/29/2019,VIÑALES ALVAREZ Rafael (LTU),LTU,ALVAREZ JIMÉNEZ Pedro Angel (IND),IND,4,1B,LF,Latinoamericano. Cerro (HAB)
482,10/29/2019,LUIS CAMPILLO Willian (MTZ),MTZ,GARCÍA ANDÚJAR Ulfrido (SCU),SCU,2,,LF,Victoria de Girón. Matanzas (MTZ)
483,10/29/2019,GÁLVEZ GUERRA Dainier (MTZ),MTZ,GARCÍA ANDÚJAR Ulfrido (SCU),SCU,2,1B-2B-3B,LF,Victoria de Girón. Matanzas (MTZ)
484,10/29/2019,ORTIZ LUGONES Dismani (MTZ),MTZ,BETANCOURT CHACÓN Danny (SCU),SCU,6,,RF,Victoria de Girón. Matanzas (MTZ)
485,10/29/2019,VASSEL PEDROSO Edwin (CFG),CFG,CRUZ MELENDEZ Yoandy (CMG),CMG,8,1B-2B-3B,CF,Cándido González. Camaguey (CMG)
486,10/31/2019,DELGADO CASTAÑEDA Jefferson (MTZ),MTZ,ORTEGA DEL RÍO Marcos (IND),IND,1,,RF,Victoria de Girón. Matanzas (MTZ)
487,10/31/2019,SANTOYA ZULUETA Yasiel (MTZ),MTZ,MOLINA BARRIOS Yandi (IND),IND,3,1B-2B,LF,Victoria de Girón. Matanzas (MTZ)
488,10/31/2019,SANTOYA ZULUETA Yasiel (MTZ),MTZ,NODAL SUÁREZ Elder (IND),IND,5,,LF,Victoria de Girón. Matanzas (MTZ)
489,10/31/2019,BRAVO RIQUENE Humberto (CMG),CMG,PEÑA RODRÍGUEZ José Armando (LTU),LTU,1,,RF,Julio Antonio Mella. Las Tunas (LTU)
490,10/31/2019,ALARCÓN TARDIO Yordanis (LTU),LTU,MARTÍNEZ PÉREZ Yadián (CMG),CMG,4,1B-3B,LF,Julio Antonio Mella. Las Tunas (LTU)
491,10/31/2019,PEÑA CENTRAY Jorge Luis (CMG),CMG,LABRADA PÉREZ Yacel (LTU),LTU,7,,LF,Julio Antonio Mella. Las Tunas (LTU)
492,10/31/2019,SILVA LA O Edilse (SCU),SCU,PÉREZ RAMOS Alex Daniel (CFG),CFG,8,,RF,Guillermón Moncada. Santiago de Cuba (SCU)
493,11/1/2019,PEÑA CENTRAY Jorge Luis (CMG),CMG,GARCÍA SÁNCHEZ José Angel (LTU),LTU,8,1B-2B,LF,Julio Antonio Mella. Las Tunas (LTU)
494,11/1/2019,SILVA LA O Edilse (SCU),SCU,VILLA SANTOS Misael (CFG),CFG,3,2B,LF,Guillermón Moncada. Santiago de Cuba (SCU)
495,11/1/2019,LÓPEZ MARTÍNEZ Richel (CFG),CFG,GARCÍA TEJEDA Osmedi (SCU),SCU,5,1B-3B,LF,Guillermón Moncada. Santiago de Cuba (SCU)
496,11/1/2019,SÁNCHEZ CELDA Rudens (SCU),SCU,VILLA SANTOS Misael (CFG),CFG,6,,CF,Guillermón Moncada. Santiago de Cuba (SCU)
497,11/2/2019,PEÑALVER DARCOURT Yhosvani (IND),IND,TORRES GÓMEZ Yosvani (MTZ),MTZ,7,,RF,Victoria de Girón. Matanzas (MTZ)
498,11/2/2019,LUIS CAMPILLO Willian (MTZ),MTZ,ALVAREZ DEL SOL Alyanser (IND),IND,7,1B-2B,LF,Victoria de Girón. Matanzas (MTZ)
499,11/2/2019,CARBONELL TERRERO Félix (LTU),LTU,CONTRERAS ESQUIVEL Juan S. (CMG),CMG,5,2B,LF,Julio Antonio Mella. Las Tunas (LTU)
500,11/2/2019,VALDÉS EXPOSITO Rubén (CFG),CFG,BICET LABRADA Alberto (SCU),SCU,2,2B-3B,LF,Guillermón Moncada. Santiago de Cuba (SCU)
501,11/2/2019,SILVA LA O Edilse (SCU),SCU,GARCÍA RONDÓN César (CFG),CFG,3,1B-2B,RF,Guillermón Moncada. Santiago de Cuba (SCU)
502,11/2/2019,COLÁS LEÓN Oscar Luis (SCU),SCU,BARRETO GRAVE DE PERALTA Reemberto (C,C,4,1B-2B-3B,CF,Guillermón Moncada. Santiago de Cuba (SCU)
503,11/2/2019,SORIANO GARCÍA Juan Miguel (CFG),CFG,MEJÍAS RODRÍGUEZ Uber Luis (SCU),SCU,5,,LF,Guillermón Moncada. Santiago de Cuba (SCU)
504,11/2/2019,GARCÍA ORTEGA Dayán (SCU),SCU,PÉREZ RAMOS Alex Daniel (CFG),CFG,6,2B,LF,Guillermón Moncada. Santiago de Cuba (SCU)
505,11/2/2019,IBÁÑEZ ARAGÓN Yusniel (CFG),CFG,SANTIESTEBAN PEÑA Carlos A. (SCU),SCU,8,2B,RF,Guillermón Moncada. Santiago de Cuba (SCU)
506,11/4/2019,LÓPEZ MARTÍNEZ Richel (CFG),CFG,MIRABAL ESPINOSA Javier (MTZ),MTZ,1,,RF,5 de Septiembre. Cienfuegos (CFG)
507,11/4/2019,DELGADO CASTAÑEDA Jefferson (MTZ),MTZ,GARCÍA RONDÓN César (CFG),CFG,5,,LF,5 de Septiembre. Cienfuegos (CFG)
508,11/4/2019,GUZMÁN LEBLANCH Luis (SCU),SCU,PAREDES CÉSPEDES Wilson (LTU),LTU,4,,RF,Julio Antonio Mella. Las Tunas (LTU)
509,11/4/2019,CASTRO MOÑAGORRY Danel (LTU),LTU,MONTERO LUNA Yoandri (SCU),SCU,4,,LF,Julio Antonio Mella. Las Tunas (LTU)
510,11/4/2019,VIÑALES ALVAREZ Rafael (LTU),LTU,MONTERO LUNA Yoandri (SCU),SCU,4,,LF,Julio Antonio Mella. Las Tunas (LTU)
511,11/5/2019,GONZÁLEZ VENTURA Michael (CMG),CMG,LASTRA GONZÁLEZ Miguel Angel (IND),IND,5,1B-2B-3B,LF,Cándido González. Camaguey (CMG)
512,11/6/2019,SÁNCHEZ CELDA Rudens (SCU),SCU,RODRÍGUEZ FONSECA Rubén (LTU),LTU,4,,LF,Julio Antonio Mella. Las Tunas (LTU)
513,11/6/2019,VIÑALES ALVAREZ Rafael (LTU),LTU,FONT MUSTELIER Carlos (SCU),SCU,6,,LF,Julio Antonio Mella. Las Tunas (LTU)
514,11/8/2019,BLANCO DÍAZ Eduardo (MTZ),MTZ,CRUZ MELENDEZ Yoandy (CMG),CMG,7,,LF,Cándido González. Camaguey (CMG)
515,11/8/2019,LÓPEZ MARTÍNEZ Richel (CFG),CFG,CRUZ RONDÓN Yoalkis (LTU),LTU,1,,RF,Julio Antonio Mella. Las Tunas (LTU)
516,11/9/2019,SILVA LA O Edilse (SCU),SCU,PÉREZ ABREU José Armando (IND),IND,6,1B-3B,RF,Latinoamericano. Cerro (HAB)
517,11/9/2019,MATEO TERRY Luis Vicente (CFG),CFG,PAREDES CÉSPEDES Wilson (LTU),LTU,2,1B-2B,RF,Julio Antonio Mella. Las Tunas (LTU)
518,11/9/2019,IBÁÑEZ ARAGÓN Yusniel (CFG),CFG,SÁNCHEZ PÉREZ Angel (LTU),LTU,7,1B-2B-3B,RF,Julio Antonio Mella. Las Tunas (LTU)
519,11/10/2019,VIÑALES ALVAREZ Rafael (LTU),LTU,OZUNA HERNÁNDEZ José A. (CFG),CFG,7,,CF,Julio Antonio Mella. Las Tunas (LTU)
520,11/12/2019,VALDÉS EXPOSITO Rubén (CFG),CFG,CHI MONTOYA Bryan (IND),IND,2,2B,LF,Latinoamericano. Cerro (HAB)
521,11/13/2019,URGELLÉS COBAS Yoandry (IND),IND,RAMÍREZ GOITIZOLO Carlos Damián (CFG),CFG,5,,RF,Latinoamericano. Cerro (HAB)
522,11/13/2019,COLÁS LEÓN Oscar Luis (SCU),SCU,TRENCH GARCÍA Roger (CMG),CMG,4,,CF,Guillermón Moncada. Santiago de Cuba (SCU)
523,11/13/2019,SANTOS ALMEIDA Raico (SCU),SCU,TRENCH GARCÍA Roger (CMG),CMG,5,,RF,Guillermón Moncada. Santiago de Cuba (SCU)
524,11/14/2019,ALARCÓN TARDIO Yordanis (LTU),LTU,TORRES GÓMEZ Yosvani (MTZ),MTZ,6,1B,LF,Victoria de Girón. Matanzas (MTZ)
525,11/14/2019,VIÑALES ALVAREZ Rafael (LTU),LTU,TORRES GÓMEZ Yosvani (MTZ),MTZ,7,3B,LF,Victoria de Girón. Matanzas (MTZ)
526,11/14/2019,LLANES VARELA Alexander (SCU),SCU,GÓNGORA DE LA TORRE Dariel (CMG),CMG,3,,CF,Guillermón Moncada. Santiago de Cuba (SCU)
527,11/16/2019,SÁNCHEZ CELDA Rudens (SCU),SCU,RIVERO ESTRADA Reinier (MTZ),MTZ,1,1B-2B,CF,Guillermón Moncada. Santiago de Cuba (SCU)
528,11/16/2019,RAMOS LA O Ricardo (SCU),SCU,RIVERO ESTRADA Reinier (MTZ),MTZ,2,1B,LF,Guillermón Moncada. Santiago de Cuba (SCU)
529,11/17/2019,SAMÓN MATAMOROS Yordanis (IND),IND,GUEVARA MORALES Yander (LTU),LTU,1,,CF,Julio Antonio Mella. Las Tunas (LTU)
530,11/17/2019,ALARCÓN TARDIO Yosvani (LTU),LTU,GARCÍA VIERA Yunieski (IND),IND,1,1B,CF,Julio Antonio Mella. Las Tunas (LTU)
531,11/18/2019,GONZÁLEZ ISIDORIA Raul (MTZ),MTZ,GARCÍA ANDÚJAR Ulfrido (SCU),SCU,3,,LF,Guillermón Moncada. Santiago de Cuba (SCU)
532,11/18/2019,LUIS CAMPILLO Willian (MTZ),MTZ,GARCÍA ANDÚJAR Ulfrido (SCU),SCU,3,2B,RF,Guillermón Moncada. Santiago de Cuba (SCU)
533,11/18/2019,LÓPEZ MARTÍNEZ Richel (CFG),CFG,COUSIN DE LA ROSA Yosimar (CMG),CMG,1,,RF,5 de Septiembre. Cienfuegos (CFG)
534,11/18/2019,GONZÁLEZ VEGA Yasniel (CFG),CFG,COUSIN DE LA ROSA Yosimar (CMG),CMG,2,,RF,5 de Septiembre. Cienfuegos (CFG)
535,11/18/2019,QUESADA PEDROSO Pavel (CFG),CFG,COUSIN DE LA ROSA Yosimar (CMG),CMG,3,1B-2B,LF,5 de Septiembre. Cienfuegos (CFG)
536,11/19/2019,SAMÓN MATAMOROS Yordanis (IND),IND,CRUZ RONDÓN Yoalkis (LTU),LTU,4,1B-2B,LF,Julio Antonio Mella. Las Tunas (LTU)
537,11/19/2019,ALARCÓN TARDIO Yosvani (LTU),LTU,DUARDO ROJAS Yanieski (IND),IND,6,,CF,Julio Antonio Mella. Las Tunas (LTU)
538,11/19/2019,CEPEDA CRUZ Frederich (IND),IND,ALARCÓN TARDIO Yosbel (LTU),LTU,9,,CF,Julio Antonio Mella. Las Tunas (LTU)
539,11/20/2019,COLÁS LEÓN Oscar Luis (SCU),SCU,BLANCO MATOS Lázaro (CFG),CFG,4,,RF,5 de Septiembre. Cienfuegos (CFG)
540,11/20/2019,QUESADA PEDROSO Pavel (CFG),CFG,BETANCOURT CHACÓN Danny (SCU),SCU,7,,LF,5 de Septiembre. Cienfuegos (CFG)
541,11/21/2019,ARRUEBARUENA ESCALANTE Bárbaro Erisbe (MTZ),MTZ,BAÑOS CHACÓN Vladimir (IND),IND,5,,LF,Latinoamericano. Cerro (HAB)
542,11/21/2019,DELGADO CASTAÑEDA Jefferson (MTZ),MTZ,DUARDO ROJAS Yanieski (IND),IND,6,2B,LF,Latinoamericano. Cerro (HAB)
543,11/21/2019,BARCELÁN RODRÍGUEZ Jorge Luis (IND),IND,GARCÍA ESCALANTE Vladimir (MTZ),MTZ,8,,LF,Latinoamericano. Cerro (HAB)
544,11/21/2019,SAMÓN MATAMOROS Yordanis (IND),IND,TORRES GÓMEZ Yosvani (MTZ),MTZ,4,,LF,Latinoamericano. Cerro (HAB)
545,11/21/2019,MANDULEY ESCALONA Yordan (LTU),LTU,RODRÍGUEZ YORDI Yariel (CMG),CMG,1,1B,LF,Cándido González. Camaguey (CMG)
546,11/22/2019,BLANCO DÍAZ Eduardo (MTZ),MTZ,CHI MONTOYA Bryan (IND),IND,4,1B,RF,Latinoamericano. Cerro (HAB)
547,11/22/2019,GONZÁLEZ ISIDORIA Raul (MTZ),MTZ,CHI MONTOYA Bryan (IND),IND,4,,LF,Latinoamericano. Cerro (HAB)
548,11/22/2019,ARRUEBARUENA ESCALANTE Bárbaro Erisbe (MTZ),MTZ,GARCÍA DEL TORO Eddy Abel (IND),IND,9,2B,LF,Latinoamericano. Cerro (HAB)
549,11/22/2019,VIÑALES ALVAREZ Rafael (LTU),LTU,MEDINA GARCÍA Frank Luis (CMG),CMG,8,1B-2B,LF,Cándido González. Camaguey (CMG)
550,11/24/2019,RIVALTA GRIÑÁN Yamil (IND),IND,MARTÍNEZ PÉREZ Yadián (CMG),CMG,4,,LF,Latinoamericano. Cerro (HAB)
551,11/24/2019,HERNÁNDEZ APESTEÑIZ Stayler (IND),IND,PÉREZ VERGARA Carlos Alfredo (CMG),CMG,8,,RF,Latinoamericano. Cerro (HAB)
552,11/24/2019,DE LA CRUZ MATOS Andrés (LTU),LTU,SANTIESTEBAN PEÑA Carlos A. (SCU),SCU,2,1B,LF,Guillermón Moncada. Santiago de Cuba (SCU)
553,11/24/2019,REYNA LÓPEZ Andrés (SCU),SCU,GUEVARA MORALES Yander (LTU),LTU,2,,LF,Guillermón Moncada. Santiago de Cuba (SCU)
554,11/24/2019,SÁNCHEZ CELDA Rudens (SCU),SCU,GUEVARA MORALES Yander (LTU),LTU,5,1B,LF,Guillermón Moncada. Santiago de Cuba (SCU)
555,11/24/2019,SILVA LA O Edilse (SCU),SCU,CRUZ RONDÓN Yoalkis (LTU),LTU,8,1B,RF,Guillermón Moncada. Santiago de Cuba (SCU)
556,11/25/2019,CEPEDA CRUZ Frederich (IND),IND,COUSIN DE LA ROSA Yosimar (CMG),CMG,1,1B,RF,Latinoamericano. Cerro (HAB)
557,11/25/2019,PEÑA CENTRAY Jorge Luis (CMG),CMG,MOLINA BARRIOS Yandi (IND),IND,4,,LF,Latinoamericano. Cerro (HAB)
558,11/25/2019,SAMÓN MATAMOROS Yordanis (IND),IND,MADAN MONTEJO Frank (CMG),CMG,4,1B-3B,CF,Latinoamericano. Cerro (HAB)
559,11/25/2019,SEGURA MORALES Leonel (CMG),CMG,MOLINA BARRIOS Yandi (IND),IND,6,,RF,Latinoamericano. Cerro (HAB)
560,11/25/2019,IBÁÑEZ ARAGÓN Yusniel (CFG),CFG,GARCÍA ESCALANTE Vladimir (MTZ),MTZ,2,1B,RF,Victoria de Girón. Matanzas (MTZ)
561,11/25/2019,GONZÁLEZ VEGA Yasniel (CFG),CFG,MENA JÚSTIZ David (MTZ),MTZ,5,1B,LF,Victoria de Girón. Matanzas (MTZ)
562,11/25/2019,LABRADA MARÉN Adriel (SCU),SCU,PAREDES CÉSPEDES Wilson (LTU),LTU,7,1B,LF,Guillermón Moncada. Santiago de Cuba (SCU)
563,11/25/2019,GUZMÁN LEBLANCH Luis (SCU),SCU,GARCÍA SÁNCHEZ José Angel (LTU),LTU,8,1B,RF,Guillermón Moncada. Santiago de Cuba (SCU)
564,11/26/2019,PÉREZ PÉREZ Daniel (CFG),CFG,TORRES GÓMEZ Yosvani (MTZ),MTZ,4,,RF,Victoria de Girón. Matanzas (MTZ)
565,11/26/2019,QUESADA PEDROSO Pavel (CFG),CFG,TORRES GÓMEZ Yosvani (MTZ),MTZ,4,1B,LF,Victoria de Girón. Matanzas (MTZ)
566,11/28/2019,RIVALTA GRIÑÁN Yamil (IND),IND,GARCÍA ANDÚJAR Ulfrido (SCU),SCU,5,2B-3B,LF,Guillermón Moncada. Santiago de Cuba (SCU)
567,11/28/2019,BARCELÁN RODRÍGUEZ Jorge Luis (IND),IND,GARCÉS HERRERA Yosmel (SCU),SCU,7,1B,LF,Guillermón Moncada. Santiago de Cuba (SCU)
568,11/30/2019,SÁNCHEZ CELDA Rudens (SCU),SCU,ORTEGA DEL RÍO Marcos (IND),IND,1,2B,LF,Guillermón Moncada. Santiago de Cuba (SCU)
569,11/30/2019,ARRUEBARUENA ESCALANTE Bárbaro Erisbe (MTZ),MTZ,COUSIN DE LA ROSA Yosimar (CMG),CMG,6,1B,LF,Victoria de Girón. Matanzas (MTZ)
570,11/30/2019,CASTRO MOÑAGORRY Danel (LTU),LTU,RAMÍREZ GOITIZOLO Carlos Damián (CFG),CFG,6,,LF,5 de Septiembre. Cienfuegos (CFG)
571,11/30/2019,ALARCÓN TARDIO Yordanis (LTU),LTU,RAMÍREZ GOITIZOLO Carlos Damián (CFG),CFG,6,1B,LF,5 de Septiembre. Cienfuegos (CFG)
572,12/2/2019,PÉREZ PÉREZ Daniel (CFG),CFG,CASANOVA CALLAVA Erlis (IND),IND,3,1B,RF,5 de Septiembre. Cienfuegos (CFG)
573,12/2/2019,AYALA GARCÍA Alexander (CMG),CMG,BETANCOURT CHACÓN Danny (SCU),SCU,2,,RF,Cándido González. Camaguey (CMG)
574,12/2/2019,ALARCÓN TARDIO Yordanis (LTU),LTU,TORRES GÓMEZ Yosvani (MTZ),MTZ,3,1B,LF,Julio Antonio Mella. Las Tunas (LTU)
575,12/2/2019,PEÑA RIVERO Denis (LTU),LTU,RIVERO ESTRADA Reinier (MTZ),MTZ,3,1B,CF,Julio Antonio Mella. Las Tunas (LTU)
576,12/2/2019,ALARCÓN TARDIO Yordanis (LTU),LTU,RIVERO ESTRADA Reinier (MTZ),MTZ,3,1B-2B,CF,Julio Antonio Mella. Las Tunas (LTU)
577,12/2/2019,ARRUEBARUENA ESCALANTE Bárbaro Erisbe (MTZ),MTZ,SÁNCHEZ PÉREZ Angel (LTU),LTU,4,1B,CF,Julio Antonio Mella. Las Tunas (LTU)
578,12/2/2019,DE LA CRUZ MATOS Andrés (LTU),LTU,RIVERO ESTRADA Reinier (MTZ),MTZ,4,1B,CF,Julio Antonio Mella. Las Tunas (LTU)
579,12/3/2019,CAMERO RODRÍGUEZ Javier (MTZ),MTZ,CRUZ RONDÓN Yoalkis (LTU),LTU,9,1B-3B,LF,Julio Antonio Mella. Las Tunas (LTU)
580,12/4/2019,ARRUEBARUENA ESCALANTE Bárbaro Erisbe (MTZ),MTZ,PAREDES CÉSPEDES Wilson (LTU),LTU,1,1B,LF,Julio Antonio Mella. Las Tunas (LTU)
581,12/6/2019,GARCÍA ORTEGA Dayán (SCU),SCU,ALVAREZ SÁEZ Fredy Asiel (MTZ),MTZ,1,1B,LF,Victoria de Girón. Matanzas (MTZ)
582,12/6/2019,SANTOYA ZULUETA Yasiel (MTZ),MTZ,FONT MUSTELIER Carlos (SCU),SCU,4,2B,CF,Victoria de Girón. Matanzas (MTZ)
583,12/6/2019,GUIBERT STEVEN Yoelkis (SCU),SCU,ALVAREZ SÁEZ Fredy Asiel (MTZ),MTZ,6,,RF,Victoria de Girón. Matanzas (MTZ)
584,12/6/2019,LABRADA MARÉN Adriel (SCU),SCU,CRUZ SALDÍVAR Naykel Yoel (MTZ),MTZ,8,,LF,Victoria de Girón. Matanzas (MTZ)
585,12/7/2019,QUIALA HERRERA Andrés (LTU),LTU,CASANOVA CALLAVA Erlis (IND),IND,4,3B,CF,Latinoamericano. Cerro (HAB)
586,12/7/2019,CAMERO RODRÍGUEZ Javier (MTZ),MTZ,BICET LABRADA Alberto (SCU),SCU,3,1B,LF,Victoria de Girón. Matanzas (MTZ)
587,12/7/2019,SÁNCHEZ CELDA Rudens (SCU),SCU,PÉREZ HERNÁNDEZ Yamichel (MTZ),MTZ,6,,LF,Victoria de Girón. Matanzas (MTZ)
588,12/8/2019,CASTRO MOÑAGORRY Danel (LTU),LTU,CARBO CAMPOALEGRE Jonathan (IND),IND,3,,LF,Latinoamericano. Cerro (HAB)
589,12/8/2019,CEPEDA CRUZ Frederich (IND),IND,VIERA ALVAREZ Carlos Juan (LTU),LTU,4,,LF,Latinoamericano. Cerro (HAB)
590,12/8/2019,ALOMÁ HERRERA Jorge Enrique (IND),IND,ALARCÓN TARDIO Yosbel (LTU),LTU,8,2B,LF,Latinoamericano. Cerro (HAB)
591,12/8/2019,LABRADA MARÉN Adriel (SCU),SCU,TORRES GÓMEZ Yosvani (MTZ),MTZ,2,3B,CF,Victoria de Girón. Matanzas (MTZ)
592,12/8/2019,SANTOYA ZULUETA Yasiel (MTZ),MTZ,BETANCOURT CHACÓN Danny (SCU),SCU,5,1B,CF,Victoria de Girón. Matanzas (MTZ)
593,12/8/2019,PEÑA CENTRAY Jorge Luis (CMG),CMG,VILLA SANTOS Misael (CFG),CFG,4,1B,LF,5 de Septiembre. Cienfuegos (CFG)
594,12/8/2019,SEGURA MORALES Leonel (CMG),CMG,LAHERA BETANCOURT Miguel (CFG),CFG,9,1B-3B,RF,5 de Septiembre. Cienfuegos (CFG)
595,12/10/2019,CEPEDA CRUZ Frederich (IND),IND,YERA MONTALVO Yoanni (MTZ),MTZ,1,2B-3B,LF,Victoria de Girón. Matanzas (MTZ)
596,12/10/2019,PRIETO ECHEVARRÍA César (CFG),CFG,FONT MUSTELIER Carlos (SCU),SCU,1,,LF,Guillermón Moncada. Santiago de Cuba (SCU)
597,12/10/2019,SÁNCHEZ CELDA Rudens (SCU),SCU,BLANCO MATOS Lázaro (CFG),CFG,7,,LF,Guillermón Moncada. Santiago de Cuba (SCU)
598,12/11/2019,CAMERO RODRÍGUEZ Javier (MTZ),MTZ,ALVAREZ JIMÉNEZ Pedro Angel (IND),IND,9,,LF,Victoria de Girón. Matanzas (MTZ)
599,12/11/2019,ANDERSON STEPHES Leslie (CMG),CMG,GUEVARA MORALES Yander (LTU),LTU,1,1B-2B,RF,Julio Antonio Mella. Las Tunas (LTU)
600,12/11/2019,BORROTO JAUREGUI Yorbis (CMG),CMG,MORENO OSORIO José Adiel (LTU),LTU,7,2B,LF,Julio Antonio Mella. Las Tunas (LTU)
601,12/11/2019,PEÑA CENTRAY Jorge Luis (CMG),CMG,DÍAZ SILVA Rodolfo (LTU),LTU,9,1B-3B,LF,Julio Antonio Mella. Las Tunas (LTU)
602,12/12/2019,SILVA LA O Edilse (SCU),SCU,RAMÍREZ GOITIZOLO Carlos Damián (CFG),CFG,6,1B,RF,Guillermón Moncada. Santiago de Cuba (SCU)
603,12/12/2019,SANTOS ALMEIDA Raico (SCU),SCU,INSUA MORFA Yasmany (CFG),CFG,1,,LF,Guillermón Moncada. Santiago de Cuba (SCU)
604,12/13/2019,PEÑALVER DARCOURT Yhosvani (IND),IND,ALVAREZ SÁEZ Fredy Asiel (MTZ),MTZ,1,1B,RF,Victoria de Girón. Matanzas (MTZ)
605,12/13/2019,LUIS CAMPILLO Willian (MTZ),MTZ,GARCÍA DEL TORO Eddy Abel (IND),IND,5,1B,LF,Victoria de Girón. Matanzas (MTZ)
606,12/13/2019,CEPEDA CRUZ Frederich (IND),IND,DUEÑAS MORÉ Armando (MTZ),MTZ,8,1B,CF,Victoria de Girón. Matanzas (MTZ)
607,12/14/2019,CASTRO MOÑAGORRY Danel (LTU),LTU,BETANCOURT CHACÓN Danny (SCU),SCU,3,,LF,Julio Antonio Mella. Las Tunas (LTU)
608,12/14/2019,ALARCÓN TARDIO Yordanis (LTU),LTU,BETANCOURT CHACÓN Danny (SCU),SCU,3,,LF,Julio Antonio Mella. Las Tunas (LTU)
609,12/14/2019,VIÑALES ALVAREZ Rafael (LTU),LTU,BETANCOURT CHACÓN Danny (SCU),SCU,3,,LF,Julio Antonio Mella. Las Tunas (LTU)
610,12/14/2019,LARDUERT DOMÍNGUEZ Yuniesky (LTU),LTU,MEJÍAS RODRÍGUEZ Uber Luis (SCU),SCU,3,1B,CF,Julio Antonio Mella. Las Tunas (LTU)
611,12/14/2019,SILVA LA O Edilse (SCU),SCU,SÁNCHEZ PÉREZ Angel (LTU),LTU,3,,RF,Julio Antonio Mella. Las Tunas (LTU)
612,12/14/2019,ALARCÓN TARDIO Yordanis (LTU),LTU,BICET LABRADA Alberto (SCU),SCU,5,2B-3B,CF,Julio Antonio Mella. Las Tunas (LTU)
613,12/14/2019,PEÑA TORRES Dailier (LTU),LTU,BARBOSA GÓMEZ José Carlos (SCU),SCU,8,,RF,Julio Antonio Mella. Las Tunas (LTU)
614,12/14/2019,GUZMÁN LEBLANCH Luis (SCU),SCU,LABRADA PÉREZ Yacel (LTU),LTU,8,1B,RF,Julio Antonio Mella. Las Tunas (LTU)
615,12/14/2019,VIÑALES ALVAREZ Rafael (LTU),LTU,BETANCOURT CHACÓN Danny (SCU),SCU,2,1B-3B,LF,Julio Antonio Mella. Las Tunas (LTU)
616,12/14/2019,ALARCÓN TARDIO Yosvani (LTU),LTU,BETANCOURT CHACÓN Danny (SCU),SCU,5,,CF,Julio Antonio Mella. Las Tunas (LTU)
617,12/14/2019,ARRUEBARUENA ESCALANTE Bárbaro Erisbe (MTZ),MTZ,GARCÍA RONDÓN César (CFG),CFG,6,1B-2B,CF,5 de Septiembre. Cienfuegos (CFG)
618,12/15/2019,IBÁÑEZ ARAGÓN Yusniel (CFG),CFG,YERA MONTALVO Yoanni (MTZ),MTZ,7,,RF,5 de Septiembre. Cienfuegos (CFG)
619,12/15/2019,ARRUEBARUENA ESCALANTE Bárbaro Erisbe (MTZ),MTZ,LAHERA BETANCOURT Miguel (CFG),CFG,9,1B,RF,5 de Septiembre. Cienfuegos (CFG)
620,12/15/2019,ALARCÓN TARDIO Yordanis (LTU),LTU,SANTIESTEBAN PEÑA Carlos A. (SCU),SCU,6,2B,LF,Julio Antonio Mella. Las Tunas (LTU)
621,12/16/2019,CEPEDA CRUZ Frederich (IND),IND,TRENCH GARCÍA Roger (CMG),CMG,5,1B,LF,Cándido González. Camaguey (CMG)
622,12/16/2019,MARTÍNEZ MARRERO Ariel (MTZ),MTZ,GARCÍA RONDÓN César (CFG),CFG,8,,LF,5 de Septiembre. Cienfuegos (CFG)
623,12/16/2019,COLÁS LEÓN Oscar Luis (SCU),SCU,CIVIL HIDALGO Alberto Pablo (LTU),LTU,5,,CF,Julio Antonio Mella. Las Tunas (LTU)
624,12/16/2019,REYNA LÓPEZ Andrés (SCU),SCU,GARCÍA SÁNCHEZ José Angel (LTU),LTU,9,1B-2B,LF,Julio Antonio Mella. Las Tunas (LTU)
625,12/18/2019,CEPEDA CRUZ Frederich (IND),IND,FONT MUSTELIER Carlos (SCU),SCU,3,,CF,Latinoamericano. Cerro (HAB)
626,12/18/2019,ARRUEBARUENA ESCALANTE Bárbaro Erisbe (MTZ),MTZ,RODRÍGUEZ YORDI Yariel (CMG),CMG,2,,LF,Cándido González. Camaguey (CMG)
627,12/18/2019,IBÁÑEZ ARAGÓN Yusniel (CFG),CFG,CRUZ RONDÓN Yoalkis (LTU),LTU,7,2B-3B,CF,Julio Antonio Mella. Las Tunas (LTU)
628,12/18/2019,PEÑA RIVERO Denis (LTU),LTU,RAMÍREZ GOITIZOLO Carlos Damián (CFG),CFG,8,1B-2B,LF,Julio Antonio Mella. Las Tunas (LTU)
629,12/19/2019,ARRUEBARUENA ESCALANTE Bárbaro Erisbe (MTZ),MTZ,MEDINA GARCÍA Frank Luis (CMG),CMG,5,,RF,Cándido González. Camaguey (CMG)
630,12/20/2019,MOREJON REYES Frank Camilo (IND),IND,GARCÍA ANDÚJAR Ulfrido (SCU),SCU,1,2B-3B,LF,Latinoamericano. Cerro (HAB)
631,12/20/2019,CALDERÓN MONTERO Alberto (IND),IND,BICET LABRADA Alberto (SCU),SCU,3,1B,RF,Latinoamericano. Cerro (HAB)
632,12/20/2019,TORRES BAENA Santiago (SCU),SCU,CHI MONTOYA Bryan (IND),IND,1,,LF,Latinoamericano. Cerro (HAB)
633,12/20/2019,HERNÁNDEZ APESTEÑIZ Stayler (IND),IND,SANTANA SATIESTEBAN Carlos (SCU),SCU,8,1B,LF,Latinoamericano. Cerro (HAB)
634,12/21/2019,TORRES BAENA Santiago (SCU),SCU,ORTEGA DEL RÍO Marcos (IND),IND,3,,LF,Latinoamericano. Cerro (HAB)
635,12/22/2019,ALARCÓN TARDIO Yordanis (LTU),LTU,CRUZ SALDÍVAR Naykel Yoel (MTZ),MTZ,5,1B-2B-3B,LF,Victoria de Girón. Matanzas (MTZ)
636,12/22/2019,MARTÍNEZ MARRERO Ariel (MTZ),MTZ,PAREDES CÉSPEDES Wilson (LTU),LTU,5,,CF,Victoria de Girón. Matanzas (MTZ)
637,12/22/2019,BLANCO DÍAZ Eduardo (MTZ),MTZ,PAREDES CÉSPEDES Wilson (LTU),LTU,8,,CF,Victoria de Girón. Matanzas (MTZ)
638,12/22/2019,GRACIAL GARCÍA Yurisbel (MTZ),MTZ,PAREDES CÉSPEDES Wilson (LTU),LTU,8,,CF,Victoria de Girón. Matanzas (MTZ)
639,12/23/2019,GUIBERT STEVEN Yoelkis (SCU),SCU,COUSIN DE LA ROSA Yosimar (CMG),CMG,1,1B-3B,CF,Guillermón Moncada. Santiago de Cuba (SCU)
640,12/23/2019,GUZMÁN LEBLANCH Luis (SCU),SCU,PÉREZ GARCIA Adrián (CMG),CMG,5,,RF,Guillermón Moncada. Santiago de Cuba (SCU)
641,12/23/2019,ARRUEBARUENA ESCALANTE Bárbaro Erisbe (MTZ),MTZ,SÁNCHEZ PÉREZ Angel (LTU),LTU,3,2B,CF,Victoria de Girón. Matanzas (MTZ)
642,12/23/2019,GRACIAL GARCÍA Yurisbel (MTZ),MTZ,CIVIL HIDALGO Alberto Pablo (LTU),LTU,6,,CF,Victoria de Girón. Matanzas (MTZ)
643,12/24/2019,LUIS CAMPILLO Willian (MTZ),MTZ,VIERA ALVAREZ Carlos Juan (LTU),LTU,2,1B-2B,CF,Victoria de Girón. Matanzas (MTZ)
644,12/24/2019,ARRUEBARUENA ESCALANTE Bárbaro Erisbe (MTZ),MTZ,VIERA ALVAREZ Carlos Juan (LTU),LTU,4,1B-2B,CF,Victoria de Girón. Matanzas (MTZ)
645,12/24/2019,ARRUEBARUENA ESCALANTE Bárbaro Erisbe (MTZ),MTZ,CRUZ RONDÓN Yoalkis (LTU),LTU,6,1B,CF,Victoria de Girón. Matanzas (MTZ)
646,1/3/2020,CEPEDA CRUZ Frederich (IND),IND,BLANCO MATOS Lázaro (CMG),CMG,1,,RF,Latinoamericano. Cerro (HAB)
647,1/3/2020,ANDERSON STEPHES Leslie (CMG),CMG,BAÑOS CHACÓN Vladimir (IND),IND,3,1B,RF,Latinoamericano. Cerro (HAB)
648,1/3/2020,SAMÓN MATAMOROS Yordanis (IND),IND,RODRÍGUEZ YORDI Yariel (CMG),CMG,6,1B,RF,Latinoamericano. Cerro (HAB)
649,1/4/2020,SANTOYA ZULUETA Yasiel (MTZ),MTZ,SANTANA SATIESTEBAN Carlos (LTU),LTU,8,,RF,Julio Antonio Mella. Las Tunas (LTU)
650,1/7/2020,CEPEDA CRUZ Frederich (IND),IND,RODRÍGUEZ YORDI Yariel (CMG),CMG,2,,LF,Cándido González. Camaguey (CMG)
651,1/8/2020,CASTRO MOÑAGORRY Danel (LTU),LTU,YERA MONTALVO Yoanni (MTZ),MTZ,1,,LF,Victoria de Girón. Matanzas (MTZ)
652,1/11/2020,CAMERO RODRÍGUEZ Javier (MTZ),MTZ,BLANCO MATOS Lázaro (CMG),CMG,2,,CF,Cándido González. Camaguey (CMG)
653,1/11/2020,CAMERO RODRÍGUEZ Javier (MTZ),MTZ,MADAN MONTEJO Frank (CMG),CMG,7,1B-2B-3B,LF,Cándido González. Camaguey (CMG)
654,1/15/2020,PRIETO ECHEVARRÍA César (MTZ),MTZ,MEDINA GARCÍA Frank Luis (CMG),CMG,7,,LF,Victoria de Girón. Matanzas (MTZ)
655,1/18/2020,PRIETO ECHEVARRÍA César (MTZ),MTZ,COUSIN DE LA ROSA Yosimar (CMG),CMG,1,,LF,Cándido González. Camaguey (CMG)
656,1/18/2020,ARRUEBARUENA ESCALANTE Bárbaro Erisbe,MTZ,COUSIN DE LA ROSA Yosimar (CMG),CMG,2,,CF,Cándido González. Camaguey (CMG)
