Evento,Fecha,Jg,Eqp,Jc,Re,C,H,E,Vs,Jc,Re,C,H,E,Estadio,Hora,Duc.,inn
59SN Cl,2019-08-10,1,PRI,HC,G,4,8,2,GRA,VS,P,0,7,2,Capitán San Luis,14:00,2:40,8
59SN Cl,2019-08-10,2,MTZ,VS,G,5,9,1,IJV,HC,P,1,3,2,Cristobal Labra,14:00,2:52,9
59SN Cl,2019-08-10,3,CAV,VS,G,10,12,0,IND,HC,P,6,11,7,Latinoamericano,14:00,3:38,9
59SN Cl,2019-08-10,4,CMG,VS,G,7,15,1,MAY,HC,P,6,11,0,Nelsón Fernández,14:00,3:48,9
59SN Cl,2019-08-10,5,CFG,HC,G,3,5,2,ART,VS,P,2,9,0,5 de Septiembre,14:00,2:50,9
59SN Cl,2019-08-10,8,SCU,HC,G,15,15,1,GTM,VS,P,0,4,1,Guillermón Moncada,14:00,2:10,5
59SN Cl,2019-08-10,6,VCL,VS,G,9,13,2,LTU,HC,P,1,7,0,Julio Antonio Mella,19:15,3:00,9
59SN Cl,2019-08-10,7,HOL,HC,G,4,7,0,SSP,VS,P,0,5,2,Calixto García Iñiguez,19:15,2:23,9
59SN Cl,2019-08-11,9,PRI,HC,G,1,10,0,GRA,VS,P,0,4,1,Capitán San Luis,14:00,2:45,9
59SN Cl,2019-08-11,10,IJV,HC,G,2,8,0,MTZ,VS,P,0,1,0,Cristobal Labra,14:00,2:54,9
59SN Cl,2019-08-11,11,IND,HC,G,13,15,2,CAV,VS,P,10,16,3,Latinoamericano,14:00,4:56,9
59SN Cl,2019-08-11,12,CMG,VS,G,5,7,1,MAY,HC,P,1,4,1,Nelsón Fernández,14:00,3:00,9
59SN Cl,2019-08-11,13,CFG,HC,G,13,12,1,ART,VS,P,0,3,2,5 de Septiembre,14:00,2:35,7
59SN Cl,2019-08-11,14,LTU,HC,G,5,10,1,VCL,VS,P,0,3,0,Julio Antonio Mella,14:00,2:45,9
59SN Cl,2019-08-11,15,SSP,VS,G,7,10,1,HOL,HC,P,4,12,1,Calixto García  Iñiguez,14:00,4:10,10
59SN Cl,2019-08-11,16,SCU,HC,G,5,9,1,GTM,VS,P,0,6,1,Guillermóm Moncada,14:00,3:00,9
59SN Cl,2019-08-12,17,GRA,VS,G,6,7,0,PRI,HC,P,5,15,1,Capitán San Luis,14:00,3:25,9
59SN Cl,2019-08-12,18,IJV,HC,G,13,15,1,MTZ,VS,P,4,7,3,Cristobal Labra,14:00,2:55,9
59SN Cl,2019-08-12,19,IND,HC,G,13,13,1,CAV,VS,P,3,11,2,Latinoamericano,14:00,3:37,8
59SN Cl,2019-08-12,20,CMG,VS,G,9,17,0,MAY,HC,P,2,6,1,Nelsón Fernández,14:00,2:56,9
59SN Cl,2019-08-12,21,ART,VS,G,8,12,1,CFG,HC,P,6,10,1,5 de Septiembre,14:00,3:35,9
59SN Cl,2019-08-12,22,LTU,HC,G,5,12,3,VCL,VS,P,3,8,0,Julio Antonio Mella,14:00,3:20,9
59SN Cl,2019-08-12,23,SSP,VS,G,9,11,3,HOL,HC,P,8,11,1,Calixto García  Iñiguez,14:00,4:40,11
59SN Cl,2019-08-12,24,SCU,HC,G,10,17,0,GTM,VS,P,0,4,0,Guillermóm Moncada,14:00,3:15,7
59SN Cl,2019-08-14,25,ART,VS,G,10,14,1,PRI,HC,P,0,7,1,Capitán San Luis,14:00,3:15,8
59SN Cl,2019-08-14,27,IND,HC,G,4,5,2,GRA,VS,P,3,7,4,Latinoamericano,14:00,4:02,9
59SN Cl,2019-08-14,30,SSP,HC,G,7,9,2,GTM,VS,P,4,10,1,José Antonio Huelga,14:00,3:20,9
59SN Cl,2019-08-14,31,VCL,VS,G,6,10,1,HOL,HC,P,5,9,1,Calixto García  Iñiguez,14:00,3:15,9
59SN Cl,2019-08-14,32,LTU,VS,G,17,24,2,SCU,HC,P,7,13,1,Guillermóm Moncada,14:00,3:15,8
59SN Cl,2019-08-15,29,MTZ,HC,G,17,17,1,CMG,VS,P,7,11,0,Victoria de Girón MTZ,10:00,3:15,8
59SN Cl,2019-08-15,34,IJV,HC,G,8,7,1,CAV,VS,P,4,7,1,Cristobal Labra,10:00,2:35,7
59SN Cl,2019-08-15,28,MAY,HC,G,10,17,2,CFG,VS,P,1,5,1,Héroes de Mayab. Guines,11:30,3::18,9
59SN Cl,2019-08-15,26,CAV,VS,G,4,10,0,IJV,HC,P,0,5,2,Cristobal Labra,13:45,2:15,7
59SN Cl,2019-08-15,36,CFG,VS,G,11,11,0,MAY,HC,P,0,4,0,Héroes de Mayab. Guines,13:45,2:00,5
59SN Cl,2019-08-15,37,CMG,VS,G,7,10,0,MTZ,HC,P,3,7,0,Victoria de Girón,13:45,2:42,7
59SN Cl,2019-08-15,33,PRI,HC,G,4,8,0,ART,VS,P,3,7,0,Pedro A. Quintana Guane,14:00,3:00,9
59SN Cl,2019-08-15,35,GRA,VS,G,8,11,1,IND,HC,P,6,12,3,Latinoamericano,14:00,3:50,9
59SN Cl,2019-08-15,38,SSP,HC,G,5,6,1,GTM,VS,P,2,7,1,Luis Torres Yaguajay,14:00,3:04,9
59SN Cl,2019-08-15,39,HOL,HC,G,10,11,0,VCL,VS,P,1,6,2,Calixto García Iñiguez,14:00,2:50,9
59SN Cl,2019-08-15,40,LTU,VS,G,4,10,0,SCU,HC,P,1,3,1,Guillermón Moncada,14:00,3:20,9
59SN Cl,2019-08-16,41,PRI,HC,G,9,12,3,ART,VS,P,6,8,4,Capitán San Luis,14:00,3::39,9
59SN Cl,2019-08-16,42,IJV,HC,G,3,8,2,CAV,VS,P,1,8,0,Cristobal Labra,14:00,3:15,9
59SN Cl,2019-08-16,44,CFG,VS,G,9,11,0,MAY,HC,P,4,6,1,Héroes de Mayab. Guines,14:00,3:20,9
59SN Cl,2019-08-16,46,GTM,VS,G,12,12,0,SSP,HC,P,2,7,2,José Antonio Huelga,14:00,3:00,7
59SN Cl,2019-08-16,47,VCL,VS,G,5,9,1,HOL,HC,P,3,11,0,Calixto García  Iñiguez,14:00,2:50,9
59SN Cl,2019-08-16,48,SCU,HC,G,2,7,0,LTU,VS,P,1,5,0,Guillermóm Moncada,14:00,3:05,9
59SN Cl,2019-08-18,49,PRI,HC,G,6,11,2,CAV,VS,P,5,10,1,Capitán San Luis,14:00,4:07,10
59SN Cl,2019-08-18,50,ART,HC,G,9,14,1,IJV,VS,P,4,8,1,26 de Julio Artemisa,14:00,3:00,9
59SN Cl,2019-08-18,51,MAY,HC,G,10,12,1,MTZ,VS,P,8,10,1,Nelsón Fernández,14:00,3:00,9
59SN Cl,2019-08-18,52,CFG,HC,G,8,12,0,IND,VS,P,1,2,0,5 de Septiembre,14:00,3:00,9
59SN Cl,2019-08-18,53,VCL,HC,G,4,6,1,GTM,VS,P,3,11,0,Augusto César Sandino,14:00,3:25,9
59SN Cl,2019-08-18,54,SSP,HC,G,6,10,3,SCU,VS,P,5,12,2,José Antonio Huelga,14:00,3:49,9
59SN Cl,2019-08-18,55,HOL,VS,G,5,11,2,CMG,HC,P,1,5,1,Candido González,14:00,2:43,9
59SN Cl,2019-08-19,64,GRA,VS,G,5,6,1,LTU,HC,P,2,8,1,Carlos Gaspar Zaldivar,10:00,2:21,7
59SN Cl,2019-08-19,56,GRA,VS,G,2,7,0,LTU,HC,P,1,8,0,Julio Antonio Mella,13:45,2:45,7
59SN Cl,2019-08-19,57,CAV,VS,G,7,18,1,PRI,HC,P,3,7,0,Capitán San Luis,14:00,2:58,9
59SN Cl,2019-08-19,58,IJV,VS,G,7,9,0,ART,HC,P,4,8,3,Combate de Rio Hondo ART,14:00,2:45,7
59SN Cl,2019-08-19,60,IND,VS,G,6,14,0,CFG,HC,P,4,11,0,5 de Septiembre,14:00,3:55,9
59SN Cl,2019-08-19,62,SSP,HC,G,9,11,0,SCU,VS,P,2,13,3,José Antonio Huelga,14:00,3:28,9
59SN Cl,2019-08-19,63,CMG,HC,G,4,8,0,HOL,VS,P,1,5,0,Candido González,19:15,3:13,9
59SN Cl,2019-08-20,59,MTZ,VS,G,10,16,0,MAY,HC,P,3,13,1,Tamás Calvo Quivicán MAY,10:00,4:06,9
59SN Cl,2019-08-20,69,VCL,HC,G,3,9,0,GTM,VS,P,0,0,0,Augusto César Sandino,10:00,2:10,7
59SN Cl,2019-08-20,61,VCL,HC,G,5,9,0,GTM,VS,P,3,9,1,9 de Abril Sagua la Grande VCL ,13:45,3:00,9
59SN Cl,2019-08-20,67,MAY,HC,G,5,7,0,MTZ,VS,P,1,9,1,Nelsón Fernández,13:45,2:45,7
59SN Cl,2019-08-20,65,CAV,VS,G,6,15,1,PRI,HC,P,4,12,1,Capitán San Luis,14:00,3:15,9
59SN Cl,2019-08-20,66,IJV,VS,G,11,17,0,ART,HC,P,5,9,2,26 de Julio Artemisa,14:00,3:00,9
59SN Cl,2019-08-20,68,CFG,HC,G,6,7,0,IND,VS,P,4,7,1,5 de Septiembre,14:00,3:00,9
59SN Cl,2019-08-20,70,SSP,HC,G,5,8,0,SCU,VS,P,0,5,2,José Antonio Huelga,14:00,2:23,9
59SN Cl,2019-08-20,72,LTU,HC,G,7,13,1,GRA,VS,P,2,11,1,Julio Antonio Mella,14:00,3:00,9
59SN Cl,2019-08-21,71,CMG,HC,G,7,9,3,HOL,VS,P,5,9,1,Candido González,10:00,3:12,9
59SN Cl,2019-08-22,73,ART,HC,G,9,11,2,MAY,VS,P,3,9,0,26 de Julio Artemisa,14:00,3:00,9
59SN Cl,2019-08-22,74,MTZ,HC,G,4,13,0,CFG,VS,P,2,7,0,Victoria de Girón MTZ,14:00,2:30,9
59SN Cl,2019-08-22,75,PRI,VS,G,3,7,1,VCL,HC,P,2,5,1,Augusto César Sandino,14:00,3:15,10
59SN Cl,2019-08-22,76,SSP,HC,G,3,9,0,IJV,VS,P,1,7,0,José Antonio Huelga,14:00,3:24,9
59SN Cl,2019-08-22,77,CAV,HC,G,4,12,1,SCU,VS,P,3,10,1,José Ramóm Cepero,14:00,3:00,9
59SN Cl,2019-08-22,78,LTU,HC,G,5,7,0,HOL,VS,P,4,8,1,Julio Antonio Mella,14:00,3:00,9
59SN Cl,2019-08-22,79,GRA,HC,G,10,15,2,CMG,VS,P,7,13,2,Mártirez de Barbados,14:00,2:45,9
59SN Cl,2019-08-22,80,IND,VS,G,9,16,1,GTM,HC,P,4,8,3,Nguyen Van Troy,14:00,3:57,9
59SN Cl,2019-08-23,81,ART,HC,G,13,11,2,MAY,VS,P,5,7,2,26 de Julio Artemisa,14:00,3:00,9
59SN Cl,2019-08-23,82,MTZ,HC,G,10,8,1,CFG,VS,P,6,8,1,Victoria de Girón MTZ,14:00,3:16,9
59SN Cl,2019-08-23,83,VCL,HC,G,4,8,2,PRI,VS,P,3,5,0,Augusto César Sandino,14:00,2:55,9
59SN Cl,2019-08-23,84,SSP,HC,G,8,11,0,IJV,VS,P,7,13,0,Fidel Claro Fomento,14:00,3:27,9
59SN Cl,2019-08-23,85,SCU,VS,G,8,11,2,CAV,HC,P,6,8,2,José Ramóm Cepero,14:00,4:00,9
59SN Cl,2019-08-23,86,LTU,HC,G,2,5,0,HOL,VS,P,0,4,0,Batalla de Palo Seco Jobabo LTU,14:00,3:00,9
59SN Cl,2019-08-23,87,CMG,VS,G,4,9,0,GRA,HC,P,2,3,2,Mártirez de Barbados,14:00,2:15,6
59SN Cl,2019-08-23,88,GTM,HC,G,11,16,2,IND,VS,P,6,12,2,Nguyen Van Troy,14:00,4:26,9
59SN Cl,2019-08-24,89,MAY,VS,G,7,14,4,ART,HC,P,6,8,3,26 de Julio Artemisa,14:00,3:50,9
59SN Cl,2019-08-24,91,VCL,HC,G,6,8,2,PRI,VS,P,2,5,0,Augusto César Sandino,14:00,2:05,8
59SN Cl,2019-08-24,92,IJV,VS,G,15,17,1,SSP,HC,P,10,12,5,José Antonio Huelga,14:00,4:06,9
59SN Cl,2019-08-24,93,CAV,HC,G,4,7,0,SCU,VS,P,1,8,0,José Ramóm Cepero,14:00,2:48,9
59SN Cl,2019-08-24,95,CMG,VS,G,6,6,0,GRA,HC,P,0,6,2,Mártirez de Barbados,14:00,2:00,6
59SN Cl,2019-08-24,96,IND,VS,G,8,12,0,GTM,HC,P,3,8,2,Nguyen Van Troy,14:00,3:47,9
59SN Cl,2019-08-25,90,CFG,VS,G,16,11,0,MTZ,HC,P,14,16,2,Victoria de Girón MTZ,10:00,4:15,10
59SN Cl,2019-08-26,97,CFG,HC,G,7,11,1,IJV,VS,P,3,8,0,5 de Septiembre,14:00,2:47,9
59SN Cl,2019-08-26,99,SSP,HC,G,3,10,1,MAY,VS,P,2,10,0,José Antonio Huelga,14:00,2:36,9
59SN Cl,2019-08-26,102,HOL,VS,G,10,11,0,GRA,HC,P,0,3,2,Mártirez de Barbados,14:00,2:40,8
59SN Cl,2019-08-26,103,SCU,HC,G,6,8,0,IND,VS,P,1,6,1,Guillermóm Moncada,14:00,3:35,9
59SN Cl,2019-08-26,104,LTU,VS,G,8,13,1,GTM,HC,P,4,9,4,Nguyen Van Troy,14:00,2:24,9
59SN Cl,2019-08-26,100,CAV,HC,G,12,12,1,MTZ,VS,P,1,4,0,José Ramóm Cepero,14:00,2:36,7
59SN Cl,2019-08-27,98,ART,Vs,G,4,5,2,VCL,HC,P,1,6,1,Augusto César Sandino,10:00,3:15,11
59SN Cl,2019-08-27,109,PRI,VS,G,2,4,0,CMG,HC,P,1,6,1,Central Brasil Esmeralda CMG,10:00,2:27,7
59SN Cl,2019-08-27,101,CMG,HC,G,6,8,1,PRI,VS,P,2,4,4,Candido González,13:45,2:13,7
59SN Cl,2019-08-27,106,ART,VS,G,7,10,0,VCL,HC,P,4,11,1,Augusto César Sandino,13:45,3:00,7
59SN Cl,2019-08-27,105,CFG,HC,G,7,13,0,IJV,VS,P,3,9,0,Dionicio Molina Cet. Antonio Sánchez CFG,14:00,3:08,9
59SN Cl,2019-08-27,107,SSP,HC,G,12,17,1,MAY,VS,P,7,10,0,Genaro Melero Jativonico SSP,14:00,3:40,9
59SN Cl,2019-08-27,108,MTZ,VS,G,6,11,0,CAV,HC,P,3,10,1,Paquito Espinosa Morón CAV,14:00,4:00,9
59SN Cl,2019-08-27,110,GRA,HC,G,9,10,2,HOL,VS,P,8,12,1,17 de Noviembre Buey Arriba GRA,14:00,4:00,11
59SN Cl,2019-08-27,111,SCU,HC,G,8,17,1,IND,VS,P,2,9,1,Guillermóm Moncada,14:00,3:25,9
59SN Cl,2019-08-27,112,GTM,HC,G,9,9,2,LTU,VS,P,6,11,1,Nguyen Van Troy,14:00,3:20,9
59SN Cl,2019-08-28,113,CFG,HC,G,4,10,0,IJV,VS,P,3,6,0,5 de Septiembre,14:00,3:00,10
59SN Cl,2019-08-28,115,SSP,HC,G,5,12,1,MAY,VS,P,3,9,0,José Antonio Huelga,14:00,2:49,9
59SN Cl,2019-08-28,118,GRA,HC,G,10,12,0,HOL,VS,P,2,3,1,Mártirez de Barbados,14:00,3:03,9
59SN Cl,2019-08-28,119,SCU,HC,G,3,9,1,IND,VS,P,0,3,0,Guillermóm Moncada,14:00,3:25,8
59SN Cl,2019-08-28,120,GTM,HC,G,6,7,1,LTU,VS,P,4,11,3,Nguyen Van Troy,14:00,3:00,9
59SN Cl,2019-08-28,116,MTZ,VS,G,10,13,0,CAV,HC,P,4,8,1,José Ramóm Cepero,19:15,4:40,9
59SN Cl,2019-08-28,117,PRI,VS,G,14,13,3,CMG,HC,P,2,8,4,Candido González,19:15,3:11,8
59SN Cl,2019-08-30,121,SSP,HC,G,5,10,0,ART,VS,P,0,4,0,José Antonio Huelga,14:00,2:30,9
59SN Cl,2019-08-30,122,CAV,HC,G,9,15,1,VCL,VS,P,4,5,1,José Ramóm Cepero,14:00,2:45,8
59SN Cl,2019-08-30,124,IND,VS,G,7,12,0,LTU,HC,P,3,10,0,Julio Antonio Mella,14:00,3:45,9
59SN Cl,2019-08-30,125,HOL,HC,G,8,13,0,PRI,VS,P,4,7,2,Calixto García  Iñiguez,14:00,2:37,9
59SN Cl,2019-08-30,126,MTZ,VS,G,12,16,0,GRA,HC,P,1,7,2,Mártirez de Barbados,14:00,2:30,7
59SN Cl,2019-08-30,127,SCU,HC,G,8,12,2,MAY,VS,P,1,5,3,Guillermóm Moncada,14:00,3:25,9
59SN Cl,2019-08-30,128,CFG,VS,G,8,13,1,GTM,HC,P,5,9,4,Nguyen Van Troy,14:00,3:20,9
59SN Cl,2019-08-30,123,IJV,VS,G,12,11,3,CMG,HC,P,7,18,5,Candido González,19:15,4:09,9
59SN Cl,2019-08-31,129,SSP,HC,G,11,15,0,ART,VS,P,5,11,2,José Antonio Huelga,14:00,3:30,9
59SN Cl,2019-08-31,132,LTU,HC,G,8,11,0,IND,VS,P,2,7,0,Julio Antonio Mella,14:00,3:10,9
59SN Cl,2019-08-31,133,PRI,VS,G,13,15,0,HOL,HC,P,3,14,0,Calixto García  Iñiguez,14:00,3:00,7
59SN Cl,2019-08-31,134,MTZ,VS,G,5,11,0,GRA,HC,P,3,10,2,Enidio Díaz Machado Campechuela GRA,14:00,3:15,9
59SN Cl,2019-08-31,135,SCU,HC,G,14,16,6,MAY,VS,P,8,10,2,Central Dos Rios Palma Soriano SCU,14:00,3:50,9
59SN Cl,2019-08-31,136,CFG,VS,G,16,20,0,GTM,HC,P,6,11,0,Amado Romero Noa Imías GTM ,14:00,3:13,7
59SN Cl,2019-08-31,131,IJV,VS,G,7,10,1,CMG,HC,P,4,8,4,Candido González,19:15,4:10,9
59SN Cl,2019-09-01,138,CAV,HC,G,11,13,0,VCL,VS,P,1,8,2,José Ramóm Cepero,10:00,2:.05,6
59SN Cl,2019-09-01,137,SSP,HC,G,6,10,1,ART,VS,P,5,11,4,José Antonio Huelga,14:00,3:23,9
59SN Cl,2019-09-01,139,CMG,HC,G,3,8,0,IJV,VS,P,1,7,2,Candido González,14:00,3:44,9
59SN Cl,2019-09-01,140,IND,VS,G,11,15,0,LTU,HC,P,3,6,0,Julio Antonio Mella,14:00,4:15,9
59SN Cl,2019-09-01,141,HOL,HC,G,12,14,4,PRI,VS,P,5,7,0,Calixto García  Iñiguez,14:00,3:27,9
59SN Cl,2019-09-01,142,MTZ,VS,G,12,17,2,GRA,HC,P,2,4,0,Mártirez de Barbados,14:00,2:40,8
59SN Cl,2019-09-01,143,SCU,HC,G,11,11,0,MAY,VS,P,0,4,0,Guillermóm Moncada,14:00,3:45,7
59SN Cl,2019-09-01,144,CFG,VS,G,12,15,3,GTM,HC,P,2,8,4,Nguyen Van Troy,14:00,3:10,9
59SN Cl,2019-09-01,130,CAV,HC,G,7,10,3,VCL,VS,P,5,8,0,José Ramóm Cepero,16:00,2:47,7
59SN Cl,2019-09-03,145,IJV,HC,G,6,8,0,VCL,VS,P,1,6,1,Cristobal Labra,14:00,3:09,9
59SN Cl,2019-09-03,146,SSP,VS,G,5,6,2,IND,HC,P,3,7,1,Latinoamericano,14:00,3:17,9
59SN Cl,2019-09-03,147,CMG,HC,G,5,8,3,ART,VS,P,3,4,0,Candido González,14:00,3:20,9
59SN Cl,2019-09-03,148,LTU,HC,G,3,7,0,PRI,VS,P,2,5,1,Julio Antonio Mella,14:00,2:47,9
59SN Cl,2019-09-03,149,CAV,VS,G,8,11,3,HOL,HC,P,2,7,4,Calixto García  Iñiguez,14:00,3:44,9
59SN Cl,2019-09-03,150,GRA,HC,G,3,7,0,MAY,VS,P,2,8,3,Mártirez de Barbados,14:00,3:23,9
59SN Cl,2019-09-03,151,SCU,HC,G,9,12,0,CFG,VS,P,6,12,1,Guillermóm Moncada,14:00,3:50,9
59SN Cl,2019-09-03,152,MTZ,VS,G,2,14,1,GTM,HC,P,0,7,0,Nguyen Van Troy,14:00,3:32,9
59SN Cl,2019-09-04,153,IJV,HC,G,7,8,1,VCL,VS,P,2,9,2,Cristobal Labra,14:00,3:23,9
59SN Cl,2019-09-04,156,PRI,VS,G,9,13,1,LTU,HC,P,7,11,0,Roberto Ferrales Amancio LTU,14:00,3:30,9
59SN Cl,2019-09-04,158,GRA,HC,G,9,9,1,MAY,VS,P,2,3,2,10 de Octubre Yara GRA,14:00,2:45,9
59SN Cl,2019-09-04,160,MTZ,VS,G,12,18,0,GTM,HC,P,3,11,2,Central Costa Rica EL Salvador GTM,14:00,2:51,9
59SN Cl,2019-09-05,155,CMG,HC,G,9,12,1,ART,VS,P,5,12,3,Candido González,10:00,3:10,9
59SN Cl,2019-09-05,157,CAV,VS,G,14,15,1,HOL,HC,P,9,10,2,Calixto García  Iñiguez,10:00,4:15,9
59SN Cl,2019-09-05,159,CFG,VS,G,8,10,0,SCU,HC,P,4,10,0,Guillermóm Moncada,10:00,3:00,9
59SN Cl,2019-09-05,162,IND,HC,G,6,6,1,SSP,VS,P,0,1,0,Latinoamericano,10:00,2:03,7
59SN Cl,2019-09-05,154,IND,HC,G,9,14,3,SSP,VS,P,6,8,0,Latinoamericano,13:30,3:10,7
59SN Cl,2019-09-05,163,ART,VS,G,6,9,0,CMG,HC,P,2,7,2,Candido González,13:30,2:30,7
59SN Cl,2019-09-05,167,CFG,VS,G,12,17,1,SCU,HC,P,5,8,2,Guillermóm Moncada,13:30,2:05,7
59SN Cl,2019-09-05,161,IJV,HC,G,7,10,1,VCL,VS,P,6,13,1,Cristobal Labra,14:00,3:18,9
59SN Cl,2019-09-05,164,LTU,HC,G,8,13,0,PRI,VS,P,2,10,0,Julio Antonio Mella,14:00,3:30,9
59SN Cl,2019-09-05,165,HOL,HC,G,4,11,0,CAV,VS,P,3,7,1,Calixto García  Iñiguez,14:00,2:09,7
59SN Cl,2019-09-05,166,GRA,HC,G,7,13,0,MAY,VS,P,4,10,2,Mártirez de Barbados,14:00,2:46,9
59SN Cl,2019-09-05,168,MTZ,VS,G,13,9,0,GTM,HC,P,0,5,1,Nguyen Van Troy,14:00,3:10,9
59SN Cl,2019-09-07,170,SCU,VS,G,5,4,1,IJV,HC,P,3,7,1,Cristobal Labra,14:00,3:40,9
59SN Cl,2019-09-07,171,IND,HC,G,6,8,0,MTZ,VS,P,4,5,1,Latinoamericano,14:00,3:34,9
59SN Cl,2019-09-07,172,MAY,HC,G,3,8,0,VCL,VS,P,0,7,1,Nelsón Fernández,14:00,3:00,9
59SN Cl,2019-09-07,173,LTU,VS,G,9,17,0,CFG,HC,P,3,12,1,5 de Septiembre,14:00,3:30,9
59SN Cl,2019-09-07,174,GRA,VS,G,5,8,0,SSP,HC,P,1,10,2,José Antonio Huelga,14:00,3:11,9
59SN Cl,2019-09-07,175,CMG,HC,G,6,11,0,CAV,VS,P,5,12,1,Candido González,14:00,4:00,9
59SN Cl,2019-09-07,176,HOL,HC,G,4,10,0,ART,VS,P,3,9,1,Calixto García  Iñiguez,14:00,3:23,9
59SN Cl,2019-09-08,177,PRI,HC,G,3,9,2,GTM,VS,P,2,5,1,Capitán San Luis,10:00,2:35,7
59SN Cl,2019-09-08,169,PRI,HC,G,5,11,1,GTM,VS,P,1,5,1,Capitán San Luis,13:30,2:30,7
59SN Cl,2019-09-08,178,SCU,VS,G,6,12,0,IJV,HC,P,3,11,0,Cristobal Labra,14:00,3:13,9
59SN Cl,2019-09-08,179,IND,HC,G,4,11,2,MTZ,VS,P,3,7,0,Latinoamericano,14:00,3:47,9
59SN Cl,2019-09-08,180,VCL,VS,G,15,19,0,MAY,HC,P,5,13,0,Adelfo Hernández Nueva Paz MAY,14:00,3:09,7
59SN Cl,2019-09-08,181,LTU,VS,G,14,17,1,CFG,HC,P,6,11,5,5 de Septiembre,14:00,3:30,9
59SN Cl,2019-09-08,182,GRA,VS,G,10,17,0,SSP,HC,P,8,11,3,Rolando Rodríguez Trinidad SSP,14:00,4:50,12
59SN Cl,2019-09-08,183,CMG,HC,G,11,15,1,CAV,VS,P,6,11,2,Candido González,14:00,3:53,9
59SN Cl,2019-09-08,184,ART,VS,G,4,8,1,HOL,HC,P,1,5,0,José Abreu Sagua de Tánamo HOL,14:00,1:54,6
59SN Cl,2019-09-09,185,PRI,HC,G,3,7,0,GTM,VS,P,0,5,2,Capitán San Luis,14:00,2:26,9
59SN Cl,2019-09-09,186,SCU,VS,G,5,9,1,IJV,HC,P,1,5,2,Cristobal Labra,14:00,3:08,9
59SN Cl,2019-09-09,187,MTZ,VS,G,11,15,0,IND,HC,P,7,12,0,Latinoamericano,14:00,3:10,9
59SN Cl,2019-09-09,188,VCL,VS,G,11,14,1,MAY,HC,P,9,13,3,Nelsón Fernández,14:00,4:31,11
59SN Cl,2019-09-09,189,CFG,HC,G,10,11,1,LTU,VS,P,6,9,0,5 de Septiembre,14:00,3:25,9
59SN Cl,2019-09-09,191,CMG,HC,G,8,10,0,CAV,VS,P,4,7,3,Candido González,14:00,3:05,9
59SN Cl,2019-09-09,192,ART,VS,G,7,10,1,HOL,HC,P,1,7,1,Calixto García  Iñiguez,14:00,3:30,9
59SN Cl,2019-09-10,190,SSP,HC,G,12,15,0,GRA,VS,P,1,5,4,José Antonio Huelga,10:00,2:36,7
59SN Cl,2019-09-11,193,SCU,VS,G,8,15,1,PRI,HC,P,2,8,0,Capitán San Luis,14:00,3:10,9
59SN Cl,2019-09-11,194,LTU,VS,G,4,14,1,ART,HC,P,2,14,1,26 de Julio Artemisa,14:00,2:43,9
59SN Cl,2019-09-11,195,IJV,HC,G,5,12,0,GTM,VS,P,4,8,1,Cristobal Labra,14:00,3:30,10
59SN Cl,2019-09-11,196,IND,HC,G,1,4,1,CMG,VS,P,0,5,2,Latinoamericano,14:00,3:00,9
59SN Cl,2019-09-11,197,MAY,HC,G,5,8,0,CAV,VS,P,1,7,1,Héroes de Mayabeque  Guines MAY,14:00,3:00,9
59SN Cl,2019-09-11,198,MTZ,HC,G,13,17,2,SSP,VS,P,9,15,1,Victoria de Girón MTZ,14:00,2:30,9
59SN Cl,2019-09-11,199,GRA,VS,G,10,15,2,VCL,HC,P,2,9,0,Augusto César Sandino,14:00,3:00,9
59SN Cl,2019-09-11,200,CFG,VS,G,6,15,1,HOL,HC,P,2,11,1,Calixto García  Iñiguez,14:00,3:07,9
59SN Cl,2019-09-12,201,PRI,HC,G,5,9,0,SCU,VS,P,3,11,2,Capitán San Luis,14:00,3:00,9
59SN Cl,2019-09-12,202,LTU,VS,G,10,15,1,ART,HC,P,7,11,2,Tricntinental Guira de Melena ART,14:00,3:00,9
59SN Cl,2019-09-12,203,IJV,HC,G,6,10,1,GTM,VS,P,4,9,1,Cristobal Labra,14:00,3:40,9
59SN Cl,2019-09-12,204,CMG,VS,G,6,12,0,IND,HC,P,3,8,0,Latinoamericano,14:00,3:17,9
59SN Cl,2019-09-12,205,MAY,HC,G,12,12,0,CAV,VS,P,2,7,1,Héroes de Mayabeque  Guines MAY,14:00,2:42,7
59SN Cl,2019-09-12,206,MTZ,HC,G,10,11,0,SSP,VS,P,0,5,3,Victoria de Girón MTZ,14:00,2:22,7
59SN Cl,2019-09-12,207,VCL,HC,G,8,14,0,GRA,VS,P,2,11,1,Augusto César Sandino,14:00,2:55,9
59SN Cl,2019-09-13,208,HOL,HC,G,6,11,0,CFG,VS,P,4,10,2,Calixto García  Iñiguez,10:00,3:12,9
59SN Cl,2019-09-13,216,CFG,VS,G,12,15,1,HOL,HC,P,2,6,3,Calixto García  Iñiguez,13:45,2:33,5
59SN Cl,2019-09-13,209,SCU,VS,G,1,8,0,PRI,HC,P,0,9,2,Capitán San Luis,14:00,3:11,9
59SN Cl,2019-09-13,211,IJV,HC,G,3,10,0,GTM,VS,P,0,6,2,Cristobal Labra,14:00,3:09,9
59SN Cl,2019-09-13,212,CMG,VS,G,5,7,1,IND,HC,P,3,9,0,Latinoamericano,14:00,3:25,9
59SN Cl,2019-09-13,213,CAV,VS,G,13,21,0,MAY,HC,P,3,10,1,Héroes de Mayabeque  Guines MAY,14:00,4:10,9
59SN Cl,2019-09-13,214,MTZ,HC,G,4,9,0,SSP,VS,P,3,9,0,Victoria de Girón MTZ,14:00,3:00,9
59SN Cl,2019-09-13,215,VCL,HC,G,5,9,1,GRA,VS,P,0,4,2,Augusto César Sandino,14:00,2:40,9
59SN Cl,2019-09-14,210,ART,HC,G,2,7,3,LTU,VS,P,1,5,1,26 de Julio Artemisa,10:00,2:40,9
59SN Cl,2019-09-15,217,GTM,VS,G,5,11,3,ART,HC,P,4,6,0,26 de Julio Artemisa,14:00,3:40,9
59SN Cl,2019-09-15,218,PRI,VS,G,10,14,3,IND,HC,P,3,8,1,Latinoamericano,14:00,3:01,9
59SN Cl,2019-09-15,219,HOL,VS,G,7,15,0,MAY,HC,P,2,5,0,Nelsón Fernández,14:00,2:51,9
59SN Cl,2019-09-15,220,LTU,VS,G,12,13,3,MTZ,HC,P,4,10,2,Victoria de Girón MTZ,14:00,3:27,9
59SN Cl,2019-09-15,221,CMG,VS,G,9,14,0,CFG,HC,P,6,12,0,5 de Septiembre,14:00,3:45,9
59SN Cl,2019-09-15,222,SCU,VS,G,8,11,1,VCL,HC,P,3,5,0,Augusto César Sandino,14:00,3:00,9
59SN Cl,2019-09-15,223,SSP,VS,G,15,13,0,CAV,HC,P,5,10,2,José Ramóm Cepero,14:00,3:25,8
59SN Cl,2019-09-15,224,GRA,HC,G,4,10,0,IJV,VS,P,1,4,2,MártIrez de Barbados,14:00,3:03,9
59SN Cl,2019-09-16,225,ART,HC,G,5,7,2,GTM,VS,P,1,4,2,26 de Julio Artemisa,14:00,3:00,9
59SN Cl,2019-09-16,226,IND,HC,G,9,10,1,PRI,VS,P,8,14,2,Latinoamericano,14:00,3:36,9
59SN Cl,2019-09-16,227,MAYHC,G,7,14,0,HOL,VS,P,2,9,1,Nelsón Fernández,14:00,3:00,9
59SN Cl,2019-09-16,228,LTU,VS,G,4,7,0,MTZ,HC,P,1,4,2,19 de Abril Jaguey Grande MAT,14:00,2:30,9
59SN Cl,2019-09-16,229,CMG,VS,G,5,6,1,CFG,HC,P,3,11,2,5 de Septiembre,14:00,3:30,9
59SN Cl,2019-09-16,230,SCU,VS,G,7,12,0,VCL,HC,P,1,7,0,Augusto César Sandino,14:00,3:00,9
59SN Cl,2019-09-16,231,SSP,VS,G,7,9,0,CAV,HC,P,3,13,1,José Ramóm Cepero,14:00,4:16,10
59SN Cl,2019-09-16,232,GRA,HC,G,8,14,2,IJV,VS,P,5,9,0,MártIrez de Barbados,14:00,3:55,9
59SN Cl,2019-09-17,233,ART,HC,G,2,6,1,GTM,VS,P,1,7,1,26 de Julio Artemisa,14:00,3:15,9
59SN Cl,2019-09-17,234,IND,HC,G,8,13,1,PRI,VS,P,2,6,0,Latinoamericano,14:00,3:06,9
59SN Cl,2019-09-17,235,MAY,HC,G,3,9,0,HOL,VS,P,2,10,1,Nelsón Fernández,14:00,3:14,9
59SN Cl,2019-09-17,236,MTZ,HC,G,12,12,0,LTU,VS,P,0,1,1,Victoria de Girón MTZ,14:00,2:30,7
59SN Cl,2019-09-17,237,CMG,VS,G,9,12,0,CFG,HC,P,4,7,2,5 de Septiembre,14:00,3:25,9
59SN Cl,2019-09-17,238,SCU,VS,G,3,6,1,VCL,HC,P,1,5,2,Augusto César Sandino,14:00,2:50,9
59SN Cl,2019-09-17,239,SSP,VS,G,6,9,0,CAV,HC,P,5,7,1,José Ramóm Cepero,14:00,3:20,9
59SN Cl,2019-09-17,240,IJV,VS,G,3,11,1,GRA,HC,P,0,3,0,MártIrez de Barbados,14:00,2:55,9
59SN Cl,2019-09-19,241,SCU,VS,G,4,10,2,ART,HC,P,1,10,3,26 de Julio Artemisa,14:00,3:15,9
59SN Cl,2019-09-19,242,MAY,HC,G,6,8,1,IND,VS,P,4,7,0,Nelsón Fernández,14:00,3:26,9
59SN Cl,2019-09-19,243,HOL,VS,G,7,9,2,MTZ,HC,P,2,7,0,Victoria de Girón MTZ,14:00,2:50,9
59SN Cl,2019-09-19,245,CFG,VS,G,7,15,0,CAV,HC,P,1,8,2,José Ramóm Cepero,14:00,3:00,9
59SN Cl,2019-09-19,246,CMG,HC,G,4,7,0,VCL,VS,P,2,5,2,Candido González,14:00,3:14,9
59SN Cl,2019-09-19,247,IJV,VS,G,3,8,0,LTU,HC,P,2,7,0,Julio Antonio Mella,14:00,3:00,9
59SN Cl,2019-09-19,248,GRA,VS,G,5,7,2,GTM,HC,P,2,10,2,Nguyen Van Troy,14:00,3:12,9
59SN Cl,2019-09-20,252,PRI,VS,G,3,8,0,SSP,HC,P,1,6,0,José Antonio Huelga,10:00,2:17,7
59SN Cl,2019-09-20,249,SCU,VS,G,5,8,2,ART,HC,P,4,4,1,26 de Julio Artemisa,14:00,3:00,9
59SN Cl,2019-09-20,254,CMG,HC,G,4,10,0,VCL,VS,P,0,8,0,Candido González,14:00,2:54,9
59SN Cl,2019-09-20,255,LTU,HC,G,6,15,0,IJV,VS,P,0,5,1,Hermanos Almeijeiras Puerto Padre LTU,14:00,3:10,9
59SN Cl,2019-09-20,256,GRA,VS,G,6,8,2,GTM,HC,P,3,11,1,Nguyen Van Troy,14:00,3:39,10
59SN Cl,2019-09-21,244,SSP,HC,G,3,8,0,PRI,VS,P,0,4,0,José Antonio Huelga,10:00,2:15,7
59SN Cl,2019-09-21,251,MTZ,HC,G,2,9,0,HOL,VS,P,0,8,1,Victoria de Girón MTZ,10:00,3:15,9
59SN Cl,2019-09-21,261,CAV,HC,G,4,13,0,CFG,VS,P,2,5,1,José Ramóm Cepero,10:00,3:00,7
59SN Cl,2019-09-21,250,MAY,HC,G,7,9,0,IND,VS,P,6,13,0,Nelsón Fernández,11:00,4:42,10
59SN Cl,2019-09-21,260,SSP,HC,G,10,12,1,PRI,VS,P,0,3,1,José Antonio Huelga,11:30,1:50,5
59SN Cl,2019-09-21,253,CFG,VS,G,11,11,2,CAV,HC,P,4,6,2,MártIrez de Chambas Chambas CAV,13:00,2:30,5
59SN Cl,2019-09-21,259,MTZHC,G,2,5,0,HOL,VS,P,1,5,0,Victoria de Girón MTZ,13:00,2:30,7
59SN Cl,2019-09-21,257,ART,HC,G,4,8,1,SCU,VS,P,3,7,2,26 de Julio Artemisa,14:00,3:00,9
59SN Cl,2019-09-21,258,IND,VS,G,6,6,0,MAY,HC,P,4,8,2,Nelsón Fernández,14:00,2:55,8
59SN Cl,2019-09-21,262,CMG,HC,G,14,14,0,VCL,VS,P,1,9,2,Candido González,14:00,2:53,7
59SN Cl,2019-09-21,263,LTU,HC,G,5,11,1,IJV,VS,P,1,8,2,Julio Antonio Mella,14:00,3:00,9
59SN Cl,2019-09-21,264,GRA,VS,G,7,13,0,GTM,HC,P,2,8,4,Nguyen Van Troy,14:00,3:28,9
59SN Cl,2019-09-23,265,IJV,HC,G,5,11,0,MAY,VS,P,4,12,1,Cristobal Labra,14:00,4:39,11
59SN Cl,2019-09-23,266,IND,HC,G,5,7,0,HOL,VS,P,1,4,0,Latinoamericano,14:00,2:48,9
59SN Cl,2019-09-23,267,MTZ,HC,G,6,12,0,ART,VS,P,1,9,1,Victoria de Girón MTZ,14:00,2:30,9
59SN Cl,2019-09-23,269,VCL,HC,G,5,10,0,SSP,VS,P,0,8,1,Augusto César Sandino,14:00,2:53,9
59SN Cl,2019-09-23,270,GTM,VS,G,6,11,0,CAV,HC,P,4,11,1,José Ramóm Cepero,14:00,2:57,9
59SN Cl,2019-09-23,271,LTU,VS,G,4,6,0,CMG,HC,P,2,9,1,Candido González,14:00,3:16,9
59SN Cl,2019-09-23,272,SCU,HC,G,8,8,2,GRA,VS,P,3,11,1,Guillermóm Moncada,14:00,3:00,9
59SN Cl,2019-09-24,268,PRI,VS,G,5,17,0,CFG,HC,P,1,7,0,5 de Septiembre,10:00,2:50,9
59SN Cl,2019-09-24,276,CFG,HC,G,1,4,0,PRI,VS,P,0,2,0,5 de Septiembre,13:45,2:10,8
59SN Cl,2019-09-24,273,IJV,HC,G,5,11,0,MAY,VS,P,4,7,0,Cristobal Labra,14:00,3:26,9
59SN Cl,2019-09-24,274,IND,HC,G,7,11,0,HOL,VS,P,6,11,0,Latinoamericano,14:00,4:24,9
59SN Cl,2019-09-24,275,MTZ,HC,G,6,11,0,ART,VS,P,1,9,0,Rubén Aldana Pedro Betancourt MTZ,14:00,2:30,9
59SN Cl,2019-09-24,278,GTM,VS,G,1,4,1,CAV,HC,P,0,4,0,José Ramóm Cepero,14:00,2:58,9
59SN Cl,2019-09-24,279,CMG,HC,G,2,7,1,LTU,VS,P,1,6,2,Candido González,14:00,3:02,9
59SN Cl,2019-09-24,280,GRA,VS,G,7,13,0,SCU,HC,P,6,10,1,Guillermóm Moncada,14:00,3:15,9
59SN Cl,2019-09-25,285,VCL,HC,G,3,7,0,SSP,VS,P,2,9,0,Augusto César Sandino,10:00,2:25,7
59SN Cl,2019-09-25,277,VCL,HC,G,3,7,0,SSP,VS,P,2,6,1,Augusto César Sandino,13:45,3:15,10
59SN Cl,2019-09-25,281,MAY,VS,G,14,14,0,IJV,HC,P,2,6,4,Cristobal Labra,14:00,3:16,8
59SN Cl,2019-09-25,282,HOL,VS,G,7,11,0,IND,HC,P,1,6,0,Latinoamericano,14:00,2:57,9
59SN Cl,2019-09-25,283,MTZ,HC,G,4,8,0,ART,VS,P,3,8,0,Victoria de Girón MTZ,14:00,2:30,10
59SN Cl,2019-09-25,284,CFG,HC,G,7,11,0,PRI,VS,P,3,7,0,5 de Septiembre,14:00,3:15,9
59SN Cl,2019-09-25,286,CAV,HC,G,10,12,0,GTM,VS,P,0,5,3,José Ramóm Cepero,14:00,3:00,7
59SN Cl,2019-09-25,287,LTU,VS,G,2,7,0,CMG,HC,P,1,6,2,Candido González,14:00,2:53,9
59SN Cl,2019-09-25,288,SCU,HC,G,7,14,2,GRA,VS,P,1,7,0,Guillermóm Moncada,14:00,3:21,9
59SN Cl,2019-09-27,289,PRI,HC,G,4,7,2,MTZ,VS,P,1,10,0,Capitán San Luis,14:00,2:34,9
59SN Cl,2019-09-27,290,HOL,VS,G,13,15,1,IJV,HC,P,0,3,3,Cristobal Labra,14:00,2:24,7
59SN Cl,2019-09-27,291,CFGHC,G,10,16,0,SSP,VS,P,3,14,0,5 de Septiembre,14:00,4:05,9
59SN Cl,2019-09-27,292,IND,VS,G,7,8,1,VCL,HC,P,3,7,2,Augusto César Sandino,14:00,3:00,9
59SN Cl,2019-09-27,293,LTU,VS,G,5,7,0,CAV,HC,P,1,7,1,José Ramóm Cepero,14:00,2:45,9
59SN Cl,2019-09-28,302,GRA,HC,G,4,6,0,ART,VS,P,2,9,1,Tirso Hidalgo Niquero GRA,10:00,2:40,7
59SN Cl,2019-09-28,303,CMG,VS,G,7,8,1,SCU,HC,P,5,10,0,Central Dos Rios Palma Soriano SCU,10:00,3:00,7
59SN Cl,2019-09-28,304,GTM,HC,G,4,6,0,MAY,VS,P,0,2,2,Nguyen Van Troy,10:00,3:58,12
59SN Cl,2019-09-28,294,GRA,HC,G,13,12,0,ART,VS,P,2,7,3,Mátirez de Babados,13:00,2:05,5
59SN Cl,2019-09-28,295,SCU,HC,G,4,7,0,CMG,VS,P,2,5,1,Guillermóm Moncada,13:00,3:15,7
59SN Cl,2019-09-28,297,MTZ,VS,G,7,9,0,PRI,HC,P,5,9,3,Capitán San Luis,14:00,3:10,9
59SN Cl,2019-09-28,298,IJV,HC,G,13,11,0,HOL,VS,P,1,6,0,Cristobal Labra,14:00,2:24,7
59SN Cl,2019-09-28,299,SSP,VS,G,6,13,0,CFG,HC,P,5,11,0,5 de Septiembre,14:00,3:40,9
59SN Cl,2019-09-28,300,IND,VS,G,7,7,0,VCL,HC,P,1,1,1,Augusto César Sandino,14:00,2:38,8
59SN Cl,2019-09-28,301,CAV,HC,G,10,9,1,LTU,VS,P,4,8,1,José Ramóm Cepero,14:00,3:00,9
59SN Cl,2019-09-29,296,MAY,VS,G,4,8,0,GTM,HC,P,3,12,0,Nguyen Van Troy,10:00,3:00,7
59SN Cl,2019-09-29,305,PRI,HC,G,7,18,0,MTZ,VS,P,4,13,0,Capitán San Luis,14:00,3:16,9
59SN Cl,2019-09-29,306,HOL,VS,G,9,11,2,IJV,HC,P,8,10,1,Cristobal Labra,14:00,3:48,9
59SN Cl,2019-09-29,307,CFG,HC,G,8,11,4,SSP,VS,P,7,12,1,5 de Septiembre,14:00,4:00,9
59SN Cl,2019-09-29,310,GRA,HC,G,4,9,0,ART,VS,P,2,5,1,Wilfredo Pagés Manzanillo GRA,14:00,3:00,9
59SN Cl,2019-09-29,311,SCU,HC,G,7,11,0,CMG,VS,P,5,12,0,Guillermóm Moncada,14:00,3:35,9
59SN Cl,2019-09-30,312,MAY,VS,G,1,4,1,GTM,HC,P,0,5,0,Estadio Municipal Manuel Tames GTM,10:00,2:28,7
59SN Cl,2019-10-01,314,IND,VS,G,7,10,0,IJV,HC,P,3,10,1,Cristobal Labra,14:00,3:12,9
59SN Cl,2019-10-01,316,VCL,VS,G,3,7,1,MTZ,HC,P,2,8,1,Victoria de Girón MTZ,14:00,3:25,9
59SN Cl,2019-10-01,317,GRA,VS,G,9,14,2,CFG,HC,P,1,6,0,5 de Septiembre,14:00,3:35,8
59SN Cl,2019-10-01,318,SSP,HC,G,10,10,2,LTU,VS,P,2,10,2,José Antonio Huelga,14:00,3:10,9
59SN Cl,2019-10-01,320,CMG,VS,G,4,7,1,GTM,HC,P,3,10,2,Nguyen Van Troy,14:00,3:17,9
59SN Cl,2019-10-02,321,CAV,VS,G,5,7,0,ART,HC,P,4,12,0,26 de Julio Artemisa,10:00,3:00,10
59SN Cl,2019-10-02,323,PRI,VS,G,7,10,0,MAY,HC,P,0,4,1,Nelsón Fernández,10:00,2:17,7
59SN Cl,2019-10-02,327,HOL,HC,G,2,7,0,SCU,VS,P,0,5,2,Calixto García  Iñiguez,10:00,2:47,7
59SN Cl,2019-10-02,313,CAV,VS,G,5,8,1,ART,HC,P,4,6,0,26 de Julio Artemisa,13:00,3:00,7
59SN Cl,2019-10-02,315,MAY,HC,G,8,10,1,PRI,VS,P,1,3,1,Nelsón Fernández,13:00,2:11,6
59SN Cl,2019-10-02,319,HOL,HC,G,9,13,0,SCU,VS,P,2,8,2,Calixto García  Iñiguez,13:00,2:20,7
59SN Cl,2019-10-02,322,IJV,HC,G,4,10,0,IND,VS,P,1,5,0,Cristobal Labra,14:00,2:35,7
59SN Cl,2019-10-02,324,MTZHC,G,12,13,1,VCL,VS,P,2,5,1,Victoria de Girón MTZ,14:00,2:40,8
59SN Cl,2019-10-02,325,CFG,HC,G,11,8,0,GRA,VS,P,5,8,1,5 de Septiembre,14:00,3:10,9
59SN Cl,2019-10-02,326,LTU,VS,G,5,14,0,SSP,HC,P,2,11,0,José Antonio Huelga,14:00,3:15,9
59SN Cl,2019-10-02,328,GTM,HC,G,10,12,2,CMG,VS,P,8,12,2,Geraldo Acosta Yateras GTM,14:00,3:20,9
59SN Cl,2019-10-03,329,CAV,VS,G,13,14,0,ART,HC,P,3,6,1,26 de Julio Artemisa,14:00,3:15,8
59SN Cl,2019-10-03,330,IND,VS,G,6,9,1,IJV,HC,P,2,6,1,Cristobal Labra,14:00,3:34,9
59SN Cl,2019-10-03,331,PRI,VS,G,6,15,0,MAY,HC,P,2,10,1,Nelsón Fernández,14:00,3:00,9
59SN Cl,2019-10-03,332,MTZ,HC,G,4,4,0,VCL,VS,P,1,6,1,Victoria de Girón MTZ,14:00,2:30,8
59SN Cl,2019-10-03,333,CFG,HC,G,7,9,0,GRA,VS,P,2,9,0,5 de Septiembre,14:00,3:25,9
59SN Cl,2019-10-03,335,HOL,HC,G,2,3,0,SCU,VS,P,1,7,0,Calixto García  Iñiguez,14:00,1:45,7
59SN Cl,2019-10-04,336,CMG,VS,G,10,13,1,GTM,HC,P,2,8,1,Nguyen Van Troy,10:00,2:56,9
59SN Cl,2019-10-05,339,CFG,VS,G,4,13,1,VCL,HC,P,1,5,4,Augusto César Sandino,14:00,2:38,9
59SN Cl,2019-10-05,344,HOL,VS,G,5,9,0,GTM,HC,P,3,9,0,Nguyen Van Troy,14:00,3:01,9
59SN Cl,2019-10-06,337,PRI,HC,G,8,8,2,IJV,VS,P,2,8,4,Capitán San Luis,10:00,2:45,9
59SN Cl,2019-10-06,338,IND,VS,G,9,14,1,ART,HC,P,8,11,1,26 de Julio Artemisa,10:00,4:20,9
59SN Cl,2019-10-06,342,GRA,HC,G,5,8,0,CAV,VS,P,2,5,0,Mátirez de Babados,10:00,2:20,9
59SN Cl,2019-10-06,351,SCU,HC,G,2,5,0,MTZ,VS,P,0,3,0,Guillermóm Moncada,11:00,3:00,7
59SN Cl,2019-10-06,345,PRI,HC,G,5,8,1,IJV,VS,P,1,6,2,Capitán San Luis,13:00,1:50,7
59SN Cl,2019-10-06,346,ART,HC,G,3,6,0,IND,VS,P,2,4,0,26 de Julio Artemisa,13:00,3:00,7
59SN Cl,2019-10-06,350,GRA,HC,G,5,6,0,CAV,VS,P,0,5,2,Mátirez de Babados,13:00,1:55,7
59SN Cl,2019-10-06,343,SCU,HC,G,9,13,1,MTZ,VS,P,5,10,0,Guillermóm Moncada,14:00,3:00,7
59SN Cl,2019-10-06,347,VCL,HC,G,6,7,2,CFG,VS,P,1,4,0,Milagros Jiménez  Ranchuelo VCL,14:00,2:50,9
59SN Cl,2019-10-06,352,GTM,HC,G,5,14,0,HOL,VS,P,4,8,0,Nguyen Van Troy,14:00,3:02,9
59SN Cl,2019-10-07,340,CMG,HC,G,8,12,0,SSP,VS,P,1,5,2,Candido González,10:00,3:00,9
59SN Cl,2019-10-07,357,MAY,VS,G,7,10,0,LTU,HC,P,3,10,0,Julio Antonio Mella,10:00,2:20,7
59SN Cl,2019-10-07,348,SSP,VS,G,6,12,2,CMG,HC,P,4,9,0,Candido González,13:00,3:00,7
59SN Cl,2019-10-07,349,LTU,HC,G,3,10,1,MAY,VS,P,1,4,1,Ramón Álvarez Martí Majibacoa LTU,13:00,2:30,7
59SN Cl,2019-10-07,354,IND,VS,G,4,11,2,ART,HC,P,3,8,1,26 de Julio Artemisa,14:00,2:45,8
59SN Cl,2019-10-07,358,GRA,HC,G,3,7,1,CAV,VS,P,2,7,0,Mátirez de Babados,14:00,2:32,9
59SN Cl,2019-10-07,359,SCU,HC,G,13,14,0,MTZ,VS,P,10,11,1,Guillermóm Moncada,14:00,3:15,11
59SN Cl,2019-10-07,360,HOL,VS,G,6,7,0,GTM,HC,P,2,8,1,Nguyen Van Troy,14:00,2:19,9
59SN Cl,2019-10-08,341,LTU,HC,G,8,10,0,MAY,VS,P,2,8,0,Julio Antonio Mella,10:00,3:00,9
59SN Cl,2019-10-08,355,CFG,VS,G,13,13,0,VCL,HC,P,1,9,3,Augusto César Sandino,10:00,2:05,7
59SN Cl,2019-10-08,356,SSP,VS,G,8,8,1,CMG,HC,P,0,5,2,Candido González,10:00,3:15,9
59SN Cl,2019-10-09,43,IND,HC,G,6,8,1,GRA,VS,P,5,5,1,Latinoamericano ,10:00,3:25,9
59SN Cl,2019-10-09,309,LTU,VS,G,9,14,1,CAV,HC,P,5,6,0,José Ramóm Cepero,10:00,3:00,9
59SN Cl,2019-10-10,45,CMG,VS,G,5,11,0,MTZ,HC,P,3,10,2,Victoria de Girón MTZ,10:00,3:16,9
59SN Cl,2019-10-10,94,LTU,HC,G,9,14,0,HOL,VS,P,1,6,0,Julio Antonio Mella,10:00,2:30,9
59SN Cl,2019-10-11,308,IND,VS,G,7,10,1,VCL,HC,P,5,12,2,Augusto César Sandino,10:00,3:00,9
59SN Cl,2019-10-11,334,LTU,VS,G,3,9,0,SSP,HC,P,1,14,0,José Antonio Huelga,10:00,3:19,9
59SN Co,2019-10-13,361,SSP,HC,G,8,12,0,MTZ,VS,P,0,7,0,José Antonio Huelga,10:00,3:10,9
59SN Co,2019-10-14,362,IND,VS,G,10,11,0,GRA,HC,P,3,12,4,Mártires de Barbados,10:00,3:23,9
59SN Co,2019-10-15,363,MTZ,HC,G,11,11,0,SSP,VS,P,0,4,2,Victoria de Girón MTZ,14:00,2:39,7
59SN Co,2019-10-16,365,MTZ,HC,G,9,14,0,SSP,VS,P,4,12,0,Victoria de Girón MTZ,10:00,3:48,9
59SN Co,2019-10-16,364,GRA,VS,G,6,5,1,IND,HC,P,1,9,1,Latinoamericano,14:00,3:43,9
59SN Co,2019-10-17,366,IND,HC,G,13,15,2,GRA,VS,P,3,7,2,Latinoamericano,10:00,2:45,7
59SN SF,2019-10-27,367,IND,HC,G,6,14,1,LTU,VS,P,4,8,0,Latinoamericano,14:00,3:01,9
59SN SF,2019-10-27,368,MTZ,HC,G,4,13,0,SCU,VS,P,3,10,0,Victoria de Girón MTZ,14:00,3:35,9
59SN SF,2019-10-27,369,CMG,HC,G,4,10,0,CFG,VS,P,3,10,2,Cándido González,14:00,3:24,9
59SN SF,2019-10-28,370,LTU,VS,G,3,10,0,IND,HC,P,1,5,3,Latinoamericano,14:00,3:31,9
59SN SF,2019-10-28,371,MTZ,HC,G,6,11,0,SCU,VS,P,2,9,0,Victoria de Girón MTZ,14:00,3:24,9
59SN SF,2019-10-28,372,CMG,HC,G,2,4,1,CFG,VS,P,0,5,4,Cándido González,14:00,2:47,9
59SN SF,2019-10-29,373,LTU,VS,G,7,12,0,IND,HC,P,0,7,1,Latinoamericano,14:00,3:17,9
59SN SF,2019-10-29,374,MTZ,HC,G,18,19,0,SCU,VS,P,3,9,2,Victoria de Girón MTZ,14:00,2:25,6
59SN SF,2019-10-29,375,CFG,VS,G,9,13,1,CMG,HC,P,4,7,1,Cándido González,14:00,3:42,9
59SN SF,2019-10-31,376,MTZ,HC,G,15,13,1,IND,VS,P,0,2,4,Victoria de Girón MTZ,14:00,2:13,5
59SN SF,2019-10-31,377,CMG,VS,G,13,20,0,LTU,HC,P,6,8,1,Julio Antonio Mella,14:00,3:45,9
59SN SF,2019-10-31,378,SCU,HC,G,4,12,0,CFG,VS,P,0,3,0,Guillermón Moncada,14:00,3:00,9
59SN SF,2019-11-01,379,MTZ,HC,G,3,6,0,IND,VS,P,1,6,0,Victoria de Girón MTZ,14:00,3:28,9
59SN SF,2019-11-01,380,CMG,VS,G,7,10,0,LTU,HC,P,3,9,3,Julio Antonio Mella,14:00,3:30,9
59SN SF,2019-11-01,381,CFG,VS,G,9,15,0,SCU,HC,P,6,9,2,Guillermón Moncada,14:00,3:47,9
59SN SF,2019-11-02,382,MTZ,HC,G,8,13,1,IND,VS,P,2,8,1,Victoria de Girón MTZ,14:00,3:00,9
59SN SF,2019-11-02,383,LTU,HC,G,8,13,1,CMG,VS,P,5,13,3,Julio Antonio Mella,14:00,4:00,9
59SN SF,2019-11-02,384,SCU,HC,G,15,20,3,CFG,VS,P,9,16,0,Guillermón Moncada,14:00,3:00,9
59SN SF,2019-11-04,385,CFG,HC,G,5,9,0,MTZ,VS,P,2,7,0,5 de Septiembre,13:30,3:20,9
59SN SF,2019-11-04,386,IND,VS,G,6,9,0,CMG,HC,P,1,6,2,Cándido González,13:30,2:55,9
59SN SF,2019-11-04,387,LTU,HC,G,11,19,2,SCU,VS,P,7,9,1,Julio Antonio Mella,13:30,3:50,9
59SN SF,2019-11-05,388,CFG,HC,G,5,10,2,MTZ,VS,P,3,9,1,5 de Septiembre,13:30,3:15,9
59SN SF,2019-11-05,389,CMG,HC,G,7,11,1,IND,VS,P,4,9,2,Cándido González,13:30,3:07,7
59SN SF,2019-11-05,390,SCU,VS,G,4,11,0,LTU,HC,P,1,4,1,Julio Antonio Mella,13:30,2:55,9
59SN SF,2019-11-06,391,MTZ,VS,G,12,16,0,CFG,VS,P,1,4,1,5 de Septiembre,13:30,3:35,9
59SN SF,2019-11-06,392,IND,VS,G,7,12,1,CMG,HC,P,2,5,4,Cándido González,13:30,3:03,9
59SN SF,2019-11-06,393,SCU,VS,G,10,18,1,LTU,HC,P,5,9,1,Julio Antonio Mella,13:30,3:00,9
59SN SF,2019-11-08,394,SCU,VS,G,2,9,0,IND,HC,P,1,5,0,Latinoamericano,13:00,3:16,9
59SN SF,2019-11-08,395,MTZ,VS,G,5,12,1,CMG,HC,P,3,8,2,Cándido Gonzále,13:00,3:14,9
59SN SF,2019-11-08,396,CFG,VS,G,7,11,3,LTU,HC,P,6,11,1,Julio Antonio Mella,13:00,3:20,9
59SN SF,2019-11-09,397,SCU,VS,G,10,14,0,IND,HC,P,0,5,1,Latinoamericano,13:00,2:44,7
59SN SF,2019-11-09,398,CMG,HC,G,7,13,0,MTZ,VS,P,0,4,2,Cándido González,13:00,3:23,8
59SN SF,2019-11-09,399,LTU,HC,G,10,12,1,CFG,VS,P,7,10,0,Julio Antonio Mella,13:00,3:30,9
59SN SF,2019-11-10,402,CFG,HC,G,7,13,0,LTU,VS,P,5,6,1,Julio Antonio Mella,13:00,3:50,9
59SN SF,2019-11-12,403,CFG,VS,G,4,7,1,IND,HC,P,3,12,2,Latinoamericano,13:00,3:26,9
59SN SF,2019-11-12,404,MTZ,HC,G,8,9,0,LTU,VS,P,1,7,1,Victoria de Girón (MTZ),13:00,2:45,9
59SN SF,2019-11-12,405,CMG,VS,G,8,11,0,SCU,HC,P,0,4,1,Guillermón Moncada,13:00,3:00,9
59SN SF,2019-11-13,406,IND,HC,G,4,9,1,CFG,VS,P,0,6,0,Latinoamericano ,13:00,2:43,9
59SN SF,2019-11-13,407,MTZ,HC,G,4,10,0,LTU,VS,P,3,11,3,Victoria de Girón (MTZ),13:00,3:47,9
59SN SF,2019-11-13,408,SCU,HC,G,6,10,0,CMG,VS,P,3,10,1,Guillermón Moncada,13:00,3:15,9
59SN SF,2019-11-14,409,IND,HC,G,5,11,2,CFG,VS,P,0,6,2,Latinoamericano ,13:00,2:38,9
59SN SF,2019-11-14,410,LTU,VS,G,7,11,0,MTZ,HC,P,4,10,2,Victoria de Girón (MTZ),13:00,3:30,9
59SN SF,2019-11-14,411,CMG,VS,G,6,12,0,SCU,HC,P,3,10,2,Guillermón Moncada,13:00,3:00,9
59SN SF,2019-11-16,412,CMG,VS,G,5,7,1,CFG,HC,P,4,7,1,5 de Septiembre,13:00,3:20,9
59SN SF,2019-11-16,414,SCU,HC,G,10,8,2,MTZ,VS,P,5,8,1,Guillermón Moncada,13:00,3:35,9
59SN SF,2019-11-17,416,LTU,HC,G,2,9,1,IND,VS,P,0,3,0,Julio Antonio Mella,10:00,1:58,7
59SN SF,2019-11-17,413,LTU,HC,G,6,8,0,IND,VS,P,3,8,1,Julio Antonio Mella,13:00,2:55,7
59SN SF,2019-11-17,415,CMG,VS,G,2,9,1,CFG,HC,P,1,8,1,5 de Septiembre,13:00,2:45,9
59SN SF,2019-11-18,417,SCU,HC,G,7,9,2,MTZ,VS,P,6,13,2,Guillermón Moncada,10:00,3:15,12
59SN SF,2019-11-18,420,MTZ,VS,G,4,9,0,SCU,HC,P,0,5,2,Guillermón Moncada,11:30,3:00,7
59SN SF,2019-11-18,418,CFG,HC,G,14,18,1,CMG,VS,P,9,13,2,5 de Septiembre,13:00,4:00,9
59SN SF,2019-11-19,419,IND,VS,G,12,18,1,LTU,HC,P,3,8,0,Julio Antonio Mella,10:00,3:41,9
59SN SF,2019-11-20,422,SCU,VS,G,7,9,1,CFG,HC,P,6,15,2,5 de Septiembre,13:00,3:40,9
59SN SF,2019-11-20,423,LTU,VS,G,6,10,2,CMG,HC,P,3,6,0,Cándido González,13:00,3:08,7
59SN SF,2019-11-21,424,IND,HC,G,5,12,0,MTZ,VS,P,4,8,0,Latinoamericano,10:00,2:53,8
59SN SF,2019-11-21,421,IND,HC,G,2,9,0,MTZ,VS,P,1,3,1,Latinoamericano,13:00,1:54,7
59SN SF,2019-11-21,425,CFG,HC,G,9,13,0,SCU,VS,P,6,11,3,5 de Septiembre,13:00,4:20,9
59SN SF,2019-11-21,426,CMG,HC,G,8,9,0,LTU,VS,P,2,5,3,Cándido González,13:00,3:03,9
59SN SF,2019-11-22,427,MTZ,VS,G,13,15,0,IND,HC,P,6,9,3,Latinoamericano,13:00,4:06,9
59SN SF,2019-11-22,428,SCU,VS,G,11,13,1,CFG,HC,P,2,5,4,5 de Septiembre,13:00,3:35,9
59SN SF,2019-11-22,429,LTU,VS,G,4,11,0,CMG,HC,P,0,3,2,Cándido González,13:00,2:47,9
59SN SF,2019-11-24,430,IND,HC,G,9,16,1,CMG,VS,P,6,12,0,Latinoamericano,13:00,3:55,9
59SN SF,2019-11-24,431,MTZ,HC,G,3,7,1,CFG,VS,P,2,8,4,Victoria de Girón MTZ,13:00,3:00,9
59SN SF,2019-11-24,432,SCU,HC,G,10,13,1,LTU,VS,P,8,14,1,Guillermón Moncada,13:00,3:15,9
59SN SF,2019-11-25,433,IND,HC,G,7,11,1,CMG,VS,P,2,3,0,Latinoamericano,13:00,3:11,9
59SN SF,2019-11-25,434,MTZ,HC,G,10,14,0,CFG,VS,P,5,13,2,Victoria de Girón MTZ,13:00,4:40,9
59SN SF,2019-11-25,435,LTU,VS,G,8,13,0,SCU,HC,P,7,11,3,Guillermón Moncada,13:00,3:15,9
59SN SF,2019-11-26,436,IND,HC,G,10,10,0,CMG,VS,P,3,11,4,Latinoamericano,13:00,3:34,9
59SN SF,2019-11-26,437,CFG,VS,G,5,14,1,MTZ,HC,P,2,8,2,Victoria de Girón MTZ,13:00,2:57,9
59SN SF,2019-11-28,439,CMG,VS,G,3,11,3,MTZ,HC,P,1,4,2,Victoria de Girón MTZ,13:00,3:00,9
59SN SF,2019-11-28,440,LTU,VS,G,7,17,3,CFG,HC,P,3,8,2,5 de Septiembre,13:00,3:25,9
59SN SF,2019-11-28,441,IND,VS,G,11,10,0,SCU,HC,P,1,6,2,Guillermón Moncada,13:00,3:00,7
59SN SF,2019-11-29,442,MTZ,HC,G,9,15,0,CMG,VS,P,0,6,1,Victoria de Girón MTZ,13:00,3:30,9
59SN SF,2019-11-29,443,CFG,HC,G,5,6,2,LTU,VS,P,4,7,0,5 de Septiembre,13:00,3:45,10
59SN SF,2019-11-30,444,SCU,HC,G,8,9,0,IND,VS,P,5,9,3,Guillermón Moncada,10:00,3:15,9
59SN SF,2019-11-30,447,IND,VS,G,6,12,1,SCU,HC,P,5,6,1,Guillermón Moncada,12:00,3:00,7
59SN SF,2019-11-30,445,MTZ,HC,G,2,9,2,CMG,VS,P,1,11,0,Victoria de Girón MTZ,13:00,2:55,9
59SN SF,2019-11-30,446,LTU,VS,G,6,11,0,CFG,HC,P,3,7,1,5 de Septiembre,13:00,2:10,9
59SN SF,2019-12-02,448,CFG,HC,G,13,11,2,IND,VS,P,3,9,3,5 de Septiembre,13:00,3:10,7
59SN SF,2019-12-02,449,CMG,HC,G,5,7,0,SCU,VS,P,4,10,2,Cándido González,13:00,3:30,9
59SN SF,2019-12-02,450,LTU,HC,G,15,19,0,MTZ,VS,P,2,5,0,Julio Antonio Mella,13:00,2:35,7
59SN SF,2019-12-03,451,IND,VS,G,3,9,1,CFG,HC,P,0,8,1,5 de Septiembre,13:00,3:45,9
59SN SF,2019-12-03,452,CMG,HC,G,9,10,1,SCU,VS,P,5,7,3,Cándido González,13:00,3:25,9
59SN SF,2019-12-03,453,MTZ,VS,G,6,9,0,LTU,HC,P,2,6,3,Julio Antonio Mella,13:00,3:00,9
59SN SF,2019-12-04,454,CFG,HC,G,7,10,1,IND,VS,P,6,12,2,5 de Septiembre,13:00,3:50,9
59SN SF,2019-12-04,455,CMG,HC,G,9,14,0,SCU,VS,P,2,8,1,Cándido González,13:00,3:30,9
59SN SF,2019-12-04,456,MTZ,VS,G,9,18,0,LTU,HC,P,1,9,2,Julio Antonio Mella,13:00,3:12,9
59SN SF,2019-12-06,457,LTU,VS,G,3,7,0,IND,HC,P,1,9,4,Latinoamericano,13:00,3:34,9
59SN SF,2019-12-06,458,SCU,VS,G,6,8,3,MTZ,HC,P,5,11,3,Victoria de Girón MTZ,13:00,3:15,9
59SN SF,2019-12-06,459,CMG,VS,G,10,15,1,CFG,HC,P,0,6,2,5 de Septiembre,13:00,3:50,9
59SN SF,2019-12-07,460,LTU,VS,G,4,10,0,IND,HC,P,3,9,1,Latinoamericano,13:00,3:27,9
59SN SF,2019-12-07,461,MTZ,HC,G,9,15,1,SCU,VS,P,2,10,4,Victoria de Girón MTZ,13:00,3:09,9
59SN SF,2019-12-07,462,CMG,VS,G,10,11,0,CFG,HC,P,7,12,2,5 de Septiembre,13:00,3:25,9
59SN SF,2019-12-08,463,IND,HC,G,9,9,1,LTU,VS,P,4,6,2,Latinoamericano,13:00,2:57,9
59SN SF,2019-12-08,464,SCU,VS,G,11,18,0,MTZ,HC,P,4,10,1,Victoria de Girón MTZ,13:00,3:20,9
59SN SF,2019-12-08,465,CMG,VS,G,8,12,2,CFG,HC,P,5,10,2,5 de Septiembre,13:00,3:25,9
59SN SF,2019-12-10,466,IND,VS,G,6,12,0,MTZ,HC,P,1,4,1,Victoria de Girón MTZ,13:00,2:50,9
59SN SF,2019-12-10,467,CMG,VS,G,3,6,0,LTU,HC,P,0,7,2,Julio Antonio Mella,13:00,2:39,9
59SN SF,2019-12-10,468,CFG,VS,G,3,9,0,SCU,HC,P,2,5,2,Guillermón Moncada,13:00,3:15,9
59SN SF,2019-12-11,469,MTZ,HC,G,6,7,1,IND,VS,P,5,9,4,Victoria de Girón MTZ,13:00,3:30,9
59SN SF,2019-12-11,470,CMG,VS,G,12,15,1,LTU,HC,P,1,12,0,Julio Antonio Mella,13:00,3:00,9
59SN SF,2019-12-12,471,CFG,VS,G,7,16,0,SCU,HC,P,6,9,0,Guillermón Moncada,10:00,3:00,9
59SN SF,2019-12-12,474,CFG,VS,G,2,8,0,SCU,HC,P,1,5,1,Guillermón Moncada,11:30,2:55,7
59SN SF,2019-12-12,473,LTU,HC,G,1,4,1,CMG,VS,P,0,5,0,Julio Antonio Mella,13:00,2:55,9
59SN SF,2019-12-13,472,IND,VS,G,11,11,1,MTZ,HC,P,9,11,2,Victoria de Girón MTZ,10:00,3:30,9
59SN SF,2019-12-14,438,LTU,HC,G,16,19,0,SCU,VS,P,11,14,3,Julio Antonio Mella,10:00,3:25,9
59SN SF,2019-12-14,477,LTU,HC,G,5,6,0,SCU,VS,P,0,6,1,Julio Antonio Mella,11:30,1:45,7
59SN SF,2019-12-14,475,MTZ,VS,G,11,14,1,CFG,HC,P,2,8,1,5 de Septiembre,13:00,3:55,9
59SN SF,2019-12-14,476,IND,VS,G,4,7,0,CMG,HC,P,3,7,0,Cándido González,13:00,2:40,9
59SN SF,2019-12-15,478,MTZ,VS,G,5,8,0,CFG,HC,P,2,9,0,5 de Septiembre,13:00,2:45,9
59SN SF,2019-12-15,480,LTU,HC,G,8,10,1,SCU,VS,P,3,11,0,Julio Antonio Mella,13:00,3:10,9
59SN SF,2019-12-16,479,IND,VS,G,9,14,2,CMG,HC,P,7,10,4,Cándido González,10:00,5:45,14
59SN SF,2019-12-16,482,IND,VS,G,7,7,1,CMG,HC,P,0,2,1,Cándido González,12:00,2:10,7
59SN SF,2019-12-16,481,CFG,HC,G,7,13,1,MTZ,VS,P,6,11,2,5 de Septiembre,13:00,3:20,9
59SN SF,2019-12-16,483,SCU,VS,G,11,16,1,LTU,HC,P,10,17,0,Julio Antonio Mella,13:00,4:05,9
59SN SF,2019-12-18,401,CMG,HC,G,2,5,1,MTZ,VS,P,0,2,1,Candido González,10:00,2:05,7
59SN SF,2019-12-18,484,IND,HC,G,5,8,1,SCU,VS,P,1,6,2,Latinoamericano,12:00,2:37,7
59SN SF,2019-12-18,485,CMG,HC,G,4,10,2,MTZ,VS,P,3,2,0,Cándido González,12:00,3:00,8
59SN SF,2019-12-18,486,LTU,HC,G,9,12,0,CFG,VS,P,7,11,2,Julio Antonio Mella,13:00,3:20,9
59SN SF,2019-12-19,488,MTZ,VS,G,4,9,0,CMG,HC,P,0,4,1,Cándido González,13:00,2:35,9
59SN SF,2019-12-20,489,LTU,HC,G,5,9,3,CFG,VS,P,4,4,0,Julio Antonio Mella,10:00,3:05,10
59SN SF,2019-12-20,487,IND,HC,G,7,9,1,SCU,VS,P,2,8,0,Latinoamericano,11:30,2:27,7
59SN SF,2019-12-20,492,LTU,HC,G,6,9,1,CFG,VS,P,3,8,1,Julio Antonio Mella,11:55,3:00,7
59SN SF,2019-12-20,491,MTZ,VS,G,3,10,0,CMG,HC,P,1,5,1,Cándido González,12:00,3:00,9
59SN SF,2019-12-20,400,IND,HC,G,3,5,0,SCU,VS,P,1,5,0,Latinoamericano,14:30,2:16,8
59SN SF,2019-12-21,490,SCU,VS,G,14,15,1,IND,HC,P,4,8,1,Latinoamericano,10:00,2:50,7
59SN SF,2019-12-22,494,LTU,VS,G,8,10,1,MTZ,HC,P,6,9,0,Victoria de Girón MTZ,13:00,3:15,9
59SN SF,2019-12-23,495,SCU,HC,G,8,10,1,CMG,VS,P,3,17,1,Guillermón Moncada,13:00,2:55,9
59SN SF,2019-12-23,497,MTZ,HC,G,9,14,2,LTU,VS,P,5,11,1,Victoria de Girón MTZ,13:00,3:16,9
59SN SF,2019-12-24,496,IND,HC,G,4,6,1,CFG,VS,P,3,11,3,Latinoamericano,10:00,2:20,7
59SN SF,2019-12-24,500,MTZ,HC,G,10,12,2,LTU,VS,P,6,13,3,Victoria de Girón MTZ,10:00,3:15,9
59SN SF,2019-12-24,493,IND,HC,G,6,8,0,CFG,VS,P,5,6,1,Latinoamericano,13:00,2:30,7
59SN SF,2019-12-25,499,IND,HC,G,10,16,0,CFG,VS,P,1,9,0,Latinoamericano,10:00,3:27,9
59SN SF,2019-12-25,501,CMG,VS,G,1,6,1,SCU,HC,P,0,7,0,Guillermón Moncada,10:00,3:00,8
59SN SF,2019-12-25,498,CMG,VS,G,4,10,0,SCU,HC,P,1,6,2,Guillermón Moncada,13:00,2:55,7
59SN PO,2020-01-03,502,CMG,VS,G,9,15,0,IND,HC,P,8,15,1,Latinoamericano,20:30,3:28,9
59SN PO,2020-01-04,503,LTU,HC,G,5,9,2,MTZ,VS,P,4,10,0,Julio Antonio Mella,13:00,3:30,9
59SN PO,2020-01-05,505,MTZ,VS,G,4,10,0,LTU,HC,P,2,5,2,Julio Antonio Mella,13:00,3:50,9
59SN PO,2020-01-05,504,CMG,VS,G,7,7,2,IND,HC,P,5,10,1,Latinoamericano,17:00,3:57,9
59SN PO,2020-01-07,508,MTZ,HC,G,5,9,1,LTU,VS,P,3,8,0,Victoria de Girón MTZ,13:00,3:35,9
59SN PO,2020-01-07,506,CMG,HC,G,3,8,1,IND,VS,P,2,8,1,Cándido González,20:30,3:21,9
59SN PO,2020-01-08,509,MTZ,HC,G,11,14,0,LTU,VS,P,6,11,3,Victoria de Girón MTZ,13:00,3:50,9
59SN PO,2020-01-11,510,MTZ,VS,G,5,11,1,CMG,HC,P,3,13,1,Cándido González,13:00,3:46,9
59SN PO,2020-01-12,511,CMG,HC,G,8,12,0,MTZ,VS,P,0,3,2,Cándido González,13:00,3:06,9
59SN PO,2020-01-14,512,MTZ,HC,G,6,5,1,CMG,VS,P,1,6,4,Victoria de Girón MTZ,13:00,3:40,9
59SN PO,2020-01-15,513,MTZ,HC,G,5,10,5,CMG,VS,P,3,7,2,Victoria de Girón MTZ,13:00,3:17,9
59SN PO,2020-01-16,514,CMG,VS,G,9,13,2,MTZ,HC,P,6,11,1,Victoria de Girón MTZ,13:00,4:08,9
59SN PO,2020-01-18,515,MTZ,VS,G,11,12,0,CMG,HC,P,2,6,1,Cándido González,13:00,3:39,9
